{
  "__comment__": "This file was automatically created by mcresources",
  "name": "Отделка брони",
  "category": "tfc:mechanics",
  "icon": "minecraft:rib_armor_trim_smithing_template",
  "pages": [
    {
      "type": "patchouli:text",
      "text": "Отделка брони производится с использованием $(thing)материала для отделки$() и $(l:mechanics/sewing_table)шаблона кузнечного дела$(). В TFC все драгоценные камни, а также стерлинговое серебро, золото, розовое золото и висмут могут использоваться в качестве материалов для отделки. Отделка брони является чисто косметической."
    },
    {
      "type": "patchouli:crafting",
      "recipe": "tfc:crafting/vanilla/smithing_table",
      "text": "Кузнечный стол можно использовать для нанесения отделки на броню TFC."
    }
  ],
  "read_by_default": true
}