{
  "__comment__": "This file was automatically created by mcresources",
  "name": "Бочки",
  "category": "tfc:mechanics",
  "icon": "tfc:wood/barrel/palm",
  "pages": [
    {
      "type": "patchouli:text",
      "text": "$(thing)Бочка$() - это устройство, которое может содержать как предметы, так и жидкости. Центральный слот используется для хранения предметов. Жидкости отображаются в резервуаре с левой стороны и могут быть добавлены в бочку, поместив наполненное $(thing)ведро$() или $(thing)кувшин$() в верхний левый слот. Их можно удалить, поместив пустую тару для жидкости в тот же слот. Использование $(item)$(k:key.use)$() на блоке с ведром также работает."
    },
    {
      "type": "patchouli:image",
      "images": [
        "tfc:textures/gui/book/gui/barrel.png"
      ],
      "text": "Интерфейс бочки.",
      "border": false
    },
    {
      "type": "patchouli:text",
      "text": "Бочки можно $(thing)Запечатать$(). Запечатывание позволяет разбить бочку, сохраняя её содержимое. Это также позволяет выполнить некоторые рецепты. В интерфейсе запечатывание можно переключить с помощью серой кнопки с правой стороны. Использование $(item)$(k:key.use)$() на бочке с пустой рукой, удерживая $(item)$(k:key.sneak)$(), также переключает запечатывание."
    },
    {
      "type": "patchouli:text",
      "text": "$(li)Бочки можно наполнить, кликнув по пустой на блоке жидкости в мире.$()$(li)Бочки будут медленно наполняться водой под дождём.$()$(li)Таяние сосулек над бочками также добавляет в них воду.$()$(li)Запечатывание бочки выталкивает предметы, которые не находятся в центральном слоте.$()",
      "title": "Советы по бочкам"
    },
    {
      "type": "patchouli:text",
      "text": "Бочки - важное устройство, используемое для смешивания различных жидкостей и предметов вместе. Чтобы использовать рецепт $(thing)Бочки$(), бочка должна быть наполнена правильным соотношением жидкости и предметов, требуемых рецептом. В зависимости от рецепта, может потребоваться $(thing)Запечатать$() её на некоторое время, чтобы содержимое преобразовалось.",
      "title": "Крафт"
    },
    {
      "type": "patchouli:text",
      "text": "Если содержимое бочки не соответствует требуемому соотношению для рецепта, любая излишняя жидкость или предметы будут потеряны. Однако, если рецепт мгновенно преобразует содержимое, вам всегда понадобится хотя бы достаточное количество предметов для полного преобразования жидкости согласно рецепту."
    },
    {
      "type": "tfc:instant_barrel_recipe",
      "anchor": "limewater",
      "recipe": "tfc:barrel/limewater",
      "text": "$(bold)Известковая вода$() делается путём добавления $(l:mechanics/flux)флюса$() в бочку с $(thing)Водой$(). Один $(l:mechanics/flux)флюс$() требуется на каждые $(thing)500 мБ$() $(thing)Воды$(). $(thing)Известковая вода$() используется в $(l:mechanics/leather_making)Изготовлении кожи$(), и используется для изготовления $(thing)Раствора$()."
    },
    {
      "type": "tfc:sealed_barrel_recipe",
      "anchor": "tannin",
      "recipe": "tfc:barrel/tannin",
      "text": "$(bold)Дубильная жидкость$() - это кислая жидкость, получаемая путём растворения коры определённых $(thing)Брёвен$() в бочке с $(thing)Водой$(). $(thing)Дуб$(), $(thing)Берёза$(), $(thing)Каштан$(), $(thing)Дугласова пихта$(), $(thing)Гикори$(), $(thing)Клен$() и $(thing)Секвойя$() все могут быть использованы для создания $(thing)Дубильной жидкости$()."
    },
    {
      "type": "patchouli:text",
      "text": "Некоторые рецепты бочек работают путём смешивания двух жидкостей в определённом соотношении. Это делается путём взятия наполненного ведра одного из ингредиентов и помещения его в слот для добавления жидкости бочки, которая имеет требуемое количество другой жидкости. Это делается для изготовления $(thing)Молочного уксуса$(), где $(thing)Уксус$() добавляется к $(thing)Молоку$() в соотношении 9: 1. Уксус также добавляется в том же соотношении к $(thing)Солёной воде$(), чтобы сделать $(thing)Рассол$()."
    },
    {
      "type": "patchouli:text",
      "text": "Бочки могут охлаждать $(l:mechanics/heating)горячие$() предметы. Поместите горячий предмет в бочку с $(thing)Водой$(), $(thing)Оливковым маслом$() или $(thing)Соленой водой$(), и это быстро понизит его температуру."
    },
    {
      "type": "patchouli:text",
      "text": "Бочки могут $(l:mechanics/dye)красить$() и $(l:mechanics/dye#lye)отбеливать$() предметы. Большинство окрашиваемых вещей, таких как ковры, свечи и $(l:mechanics/advanced_building_materials#alabaster)Алебастр$(), можно красить, запечатав их в бочке с красителем, или отбеливать, запечатав в бочке с щелоком. Смотрите главу о красителях для получения дополнительной информации."
    },
    {
      "type": "patchouli:text",
      "text": "Бочки могут сохранять предметы в $(thing)Уксусе$(). Уксус получают, запечатывая $(thing)Фрукты$() в бочке с $(thing)Алкоголем$(). Для информации о том, как работает этот процесс, смотрите соответствующую $(l:mechanics/decay#vinegar)страницу$()."
    },
    {
      "type": "patchouli:crafting",
      "recipe": "tfc:crafting/barrel_rack",
      "text": "Бочки, установленные на боковую сторону блока, работают так же, как вертикальные бочки, но имеют ограничения на размещение. Например, к ним должна быть добавлена $(thing)Подставка для бочки$() с помощью $(item)$(k:key.use)$(), чтобы можно было установить еще одну бочку сверху."
    },
    {
      "type": "patchouli:multiblock",
      "multiblock": {
        "pattern": [
          [
            "X"
          ],
          [
            "Y"
          ],
          [
            "0"
          ]
        ],
        "mapping": {
          "X": "tfc:wood/barrel/kapok[facing=north,rack=false,sealed=true]",
          "Y": "tfc:wood/barrel/kapok[facing=north,rack=true,sealed=false]"
        }
      },
      "name": "Бочки на боку",
      "text": "Бочки на боку показывают свое запечатанное состояние с помощью $(thing)Крана$(). Если кран повернут вбок, значит, он запечатан.",
      "enable_visualize": false
    },
    {
      "type": "patchouli:text",
      "text": "Незапечатанные бочки на боку автоматически сливают свою жидкость в открытые бочки (и другие контейнеры для жидкости), расположенные ниже крана. Блок, в который входит кран, должен быть свободным от блоков, чтобы жидкость могла стекать."
    },
    {
      "type": "patchouli:image",
      "images": [
        "tfc:textures/gui/book/tutorial/barrel_drip.png"
      ],
      "text": "Капающая бочка.",
      "border": true
    }
  ],
  "read_by_default": true,
  "extra_recipe_mappings": {
    "tag:tfc:barrels": 0
  }
}