{
  "__comment__": "This file was automatically created by mcresources",
  "name": "Меха",
  "category": "tfc:mechanics",
  "icon": "tfc:bellows",
  "pages": [
    {
      "type": "patchouli:text",
      "text": "$(thing)Меха$() - это устройство, которое можно использовать для увеличения потока воздуха через другое устройство, что позволяет ему гореть при более высокой температуре. Однако, горя при более высокой температуре, оно также будет потреблять топливо быстрее. Меха могут обеспечивать воздухом устройство, которое находится непосредственно перед ними, или перед ними и на один блок вниз. Это позволяет им обеспечивать воздухом, например, $(l:getting_started/firepit)Кострище$() или $(l:mechanics/charcoal_forge)Угольную кузницу$()."
    },
    {
      "type": "patchouli:crafting",
      "recipe": "tfc:crafting/bellows",
      "title": "",
      "text": "Чтобы использовать меха, просто установите их, обращенным к целевому нагревательному устройству, и используйте их. Меха будут нагнетать воздух в устройство, повышая максимальную температуру на короткое время."
    }
  ],
  "read_by_default": true
}