{
  "__comment__": "This file was automatically created by mcresources",
  "name": "Сыродутный горн",
  "category": "tfc:mechanics",
  "icon": "tfc:bloomery",
  "pages": [
    {
      "type": "patchouli:text",
      "text": "$(thing)Доменная печь$() используется для плавки $(thing)Железной руды$() в $(thing)Железные слитки$(), которые могут быть обработаны в $(thing)Кованое железо$(). Железные руды это $(l:the_world/ores_and_minerals#hematite)гематит$(), $(l:the_world/ores_and_minerals#limonite)лимонит$() и $(l:the_world/ores_and_minerals#magnetite)магнетит$(). Эти руды плавятся в $(thing)Чугун$(), а не в $(thing)Кованое железо$(). Все предметы, содержащие железо, плавятся в чугун. Чтобы превратить их в используемое железо, необходима доменная печь. Любой железный предмет может быть использован в доменной печи, включая железные инструменты и чугунные слитки!"
    },
    {
      "type": "patchouli:crafting",
      "recipe": "tfc:crafting/bloomery",
      "text": "Сыродутный горн создаётся из 8 $(thing)Бронзовых двойных листов$()."
    },
    {
      "type": "patchouli:multiblock",
      "multiblock_id": "tfc:bloomery",
      "name": "Сыродутный горн",
      "text": "Сыродутный горн минимального размера. Блок сыродутного горна открывается и закрывается с помощью $(item)$(k:key.use)$().",
      "enable_visualize": true
    },
    {
      "type": "patchouli:text",
      "text": "Сыродутный горн может содержать до 48 $(thing)входящих предметов$(), с 16 предметами на каждый слой трубы. Чтобы добавить слои к трубе, сложите два дополнительных слоя каменных блоков.$(br2)Чтобы добавить предметы в горн, поднимитесь наверх и бросьте предметы внутрь. Должна сформироваться башня из серой руды."
    },
    {
      "type": "patchouli:image",
      "images": [
        "tfc:textures/gui/book/tutorial/bloomery_hole.png"
      ],
      "text": "Добавление предметов в сыродутный горн.",
      "border": true
    },
    {
      "type": "patchouli:text",
      "text": "Сыродутный горн потребляет $(thing)2 угля$() и $(thing)100 мБ чугуна$(), чтобы произвести одну $(thing)крицу$(). После заполнения горна комбинацией $(thing)угля$() и $(thing)руды$(), зажгите блок горна и подождите 15 часов, пока руда плавится. Когда горн погаснет, он оставит блок $(thing)крицы$(). Он содержит $(thing)сырую железную крицу$(), которую можно добыть, дробя $(thing)крицу$() киркой."
    },
    {
      "type": "patchouli:multiblock",
      "multiblock": {
        "pattern": [
          [
            "X"
          ],
          [
            "0"
          ]
        ],
        "mapping": {
          "X": "tfc:bloom[layers=8]"
        }
      },
      "name": "Блок крицы",
      "text": "Большая $(thing)крица$().",
      "enable_visualize": false
    },
    {
      "type": "tfc:anvil_recipe",
      "recipe": "tfc:anvil/refined_iron_bloom",
      "text": "$(thing)Крица$() должна быть обработана на $(l:mechanics/anvils)наковальне$(), чтобы сделать $(thing)Слиток кричного железа$()."
    },
    {
      "type": "tfc:anvil_recipe",
      "recipe": "tfc:anvil/wrought_iron_from_bloom",
      "text": "$(thing)Слиток кричного железа$() должен быть обработан на $(l:mechanics/anvils)наковальне$(), чтобы сделать $(thing)Слиток кованого железа$()."
    },
    {
      "type": "patchouli:text",
      "text": "$(li)Если в сыродутном горне окажется больше предметов, чем он может вместить на основе своего дымохода, он попытается вытолкнуть их наружу.$()$(li)Чтобы забрать свои предметы из незажженного горна, не ломайте башню из расплавленных блоков. Сломайте блок сыродутного горна.$()$(li)Слитки будут плавиться только в чугун, а не в кованое железо. Их нужно обрабатывать!$()",
      "title": "Заметки кузнеца"
    }
  ],
  "read_by_default": true,
  "extra_recipe_mappings": {
    "tfc:bloom": 6,
    "tfc:raw_iron_bloom": 7,
    "tfc:refined_iron_bloom": 8
  }
}