{
  "__comment__": "This file was automatically created by mcresources",
  "name": "Угольная яма",
  "category": "tfc:mechanics",
  "icon": "minecraft:charcoal",
  "pages": [
    {
      "type": "patchouli:text",
      "text": "$(thing)Угольная яма$() - это способ получения $(thing)Древесного угля$(). Угольные ямы делаются из $(thing)Поленниц$(). Чтобы разместить поленницу, используйте $(item)$(k:key.use)$() и $(item)$(k:key.sneak)$(), держа в руках $(thing)Бревно$(). Дополнительные бревна можно вставить, нажимая $(item)$(k:key.use)$() непосредственно, держа бревно, или нажимая $(item)$(k:key.use)$() с чем-то другим, чтобы открыть интерфейс."
    },
    {
      "type": "patchouli:multiblock",
      "multiblock": {
        "pattern": [
          [
            "X"
          ],
          [
            "0"
          ]
        ],
        "mapping": {
          "X": "tfc:log_pile"
        }
      },
      "name": "Поленница",
      "text": "Поленницы нуждаются в твердом блоке под ними для размещения. Они очень легковоспламеняемы.",
      "enable_visualize": false
    },
    {
      "type": "patchouli:text",
      "text": "Угольная яма формируется путем окружения поленниц твердыми, негорючими блоками. Количество производимого угля пропорционально количеству бревен внутри поленниц. Чтобы начать процесс горения, подожгите одну из поленниц, а затем накройте ее. Если все сделано правильно, вы должны увидеть частицы $(thing)дыма$(), поднимающиеся от структуры."
    },
    {
      "type": "tfc:multimultiblock",
      "text": "Строительство одной из возможных угольных ям, по слоям.",
      "multiblocks": [
        {
          "pattern": [
            [
              "     ",
              "     ",
              "     ",
              "     ",
              "     "
            ],
            [
              "     ",
              "     ",
              "     ",
              "     ",
              "     "
            ],
            [
              "XXXXX",
              "XXXXX",
              "XX0XX",
              "XXXXX",
              "XXXXX"
            ]
          ],
          "mapping": {
            "X": "tfc:dirt/sandy_loam",
            "0": "tfc:dirt/sandy_loam"
          }
        },
        {
          "pattern": [
            [
              "     ",
              "     ",
              "     ",
              "     ",
              "     "
            ],
            [
              "XXXXX",
              "XYYYX",
              "XYYYX",
              "XYYYX",
              "XXXXX"
            ],
            [
              "XXXXX",
              "XXXXX",
              "XX0XX",
              "XXXXX",
              "XXXXX"
            ]
          ],
          "mapping": {
            "X": "tfc:dirt/sandy_loam",
            "0": "tfc:dirt/sandy_loam",
            "Y": "tfc:log_pile"
          }
        },
        {
          "pattern": [
            [
              "     ",
              "     ",
              "     ",
              "     ",
              "     "
            ],
            [
              "XXXXX",
              "XYYYX",
              "XYYYX",
              "XYYYX",
              "XXXXX"
            ],
            [
              "XXXXX",
              "XXXXX",
              "XX0XX",
              "XXXXX",
              "XXXXX"
            ]
          ],
          "mapping": {
            "X": "tfc:dirt/sandy_loam",
            "0": "tfc:dirt/sandy_loam",
            "Y": "tfc:burning_log_pile"
          }
        },
        {
          "pattern": [
            [
              "     ",
              " XXX ",
              " XXX ",
              " XXX ",
              "     "
            ],
            [
              "XXXXX",
              "XYYYX",
              "XYYYX",
              "XYYYX",
              "XXXXX"
            ],
            [
              "XXXXX",
              "XXXXX",
              "XX0XX",
              "XXXXX",
              "XXXXX"
            ]
          ],
          "mapping": {
            "X": "tfc:dirt/sandy_loam",
            "0": "tfc:dirt/sandy_loam",
            "Y": "tfc:log_pile"
          }
        },
        {
          "pattern": [
            [
              "     ",
              "     ",
              "     ",
              "     ",
              "     "
            ],
            [
              "XXXXX",
              "XYYYX",
              "XYYYX",
              "XYYYX",
              "XXXXX"
            ],
            [
              "XXXXX",
              "XXXXX",
              "XX0XX",
              "XXXXX",
              "XXXXX"
            ]
          ],
          "mapping": {
            "X": "tfc:dirt/sandy_loam",
            "0": "tfc:dirt/sandy_loam",
            "Y": "tfc:charcoal_pile[layers=7]"
          }
        }
      ]
    },
    {
      "type": "patchouli:text",
      "anchor": "charcoal_pile",
      "text": "После того как угольная яма перестанет гореть и дымить, у вас останутся $(thing)Кучи древесного угля$(). Куча древесного угля содержит до 8 слоев $(thing)Древесного угля$(). Выкопайте его лопатой, чтобы получить предметы древесного угля. Кучи древесного угля можно добавлять или размещать с помощью $(item)$(k:key.use)$()."
    },
    {
      "type": "tfc:multimultiblock",
      "text": "Куча древесного угля.",
      "multiblocks": [
        {
          "pattern": [
            [
              "X"
            ],
            [
              "0"
            ]
          ],
          "mapping": {
            "X": "tfc:charcoal_pile[layers=1]"
          }
        },
        {
          "pattern": [
            [
              "X"
            ],
            [
              "0"
            ]
          ],
          "mapping": {
            "X": "tfc:charcoal_pile[layers=2]"
          }
        },
        {
          "pattern": [
            [
              "X"
            ],
            [
              "0"
            ]
          ],
          "mapping": {
            "X": "tfc:charcoal_pile[layers=3]"
          }
        },
        {
          "pattern": [
            [
              "X"
            ],
            [
              "0"
            ]
          ],
          "mapping": {
            "X": "tfc:charcoal_pile[layers=4]"
          }
        },
        {
          "pattern": [
            [
              "X"
            ],
            [
              "0"
            ]
          ],
          "mapping": {
            "X": "tfc:charcoal_pile[layers=5]"
          }
        },
        {
          "pattern": [
            [
              "X"
            ],
            [
              "0"
            ]
          ],
          "mapping": {
            "X": "tfc:charcoal_pile[layers=6]"
          }
        },
        {
          "pattern": [
            [
              "X"
            ],
            [
              "0"
            ]
          ],
          "mapping": {
            "X": "tfc:charcoal_pile[layers=7]"
          }
        },
        {
          "pattern": [
            [
              "X"
            ],
            [
              "0"
            ]
          ],
          "mapping": {
            "X": "tfc:charcoal_pile[layers=8]"
          }
        }
      ]
    }
  ],
  "read_by_default": true,
  "extra_recipe_mappings": {
    "minecraft:charcoal": 0
  }
}