{
  "__comment__": "This file was automatically created by mcresources",
  "name": "Культуры",
  "category": "tfc:mechanics",
  "icon": "tfc:textures/item/food/wheat.png",
  "pages": [
    {
      "type": "patchouli:text",
      "text": "Культуры являются источником пищи и некоторых других материалов. Хотя каждая культура немного отличается, все культуры имеют некоторые общие принципы. Чтобы начать выращивать культуры, вам понадобятся некоторые $(thing)Семена$(), которые можно получить, исследуя $(l:the_world/wild_crops)Дикие культуры$() и разбивая их.$(br2)Получив семена, вам также понадобится $(thing)Мотыга$(). Семена также полезны как $(l:mechanics/fishing)приманка$()."
    },
    {
      "type": "patchouli:text",
      "text": "Помимо поиска диких культур, семена также могут быть получены из существующих культур. Когда полностью созревшая культура умирает - либо из-за погоды, либо если ее оставить гнить - она переходит в семена, сбрасывая больше семян, которые можно использовать для выращивания еще большего количества культур на следующий сезон."
    },
    {
      "type": "tfc:rock_knapping_recipe",
      "recipes": [
        "tfc:rock_knapping/hoe_head_sedimentary",
        "tfc:rock_knapping/hoe_head_metamorphic",
        "tfc:rock_knapping/hoe_head_igneous_extrusive",
        "tfc:rock_knapping/hoe_head_igneous_intrusive"
      ],
      "text": "Чтобы начать, $(thing)Каменную мотыгу$() можно $(thing)выколотить$(), как показано выше."
    },
    {
      "type": "patchouli:crafting",
      "recipe": "tfc:crafting/stone/hoe_sedimentary",
      "text": "После того как головка мотыги выколота, ее можно скрафтить в мотыгу.$(br2)Мотыги работают как в ванили, позволяя правым кликом превращать блоки земли в $(thing)пашню$(). Они также могут использоваться для превращения $(thing)корнистой земли$() в обычную $(thing)землю$()."
    },
    {
      "type": "patchouli:text",
      "text": "Все культуры должны быть посажены на пашне для роста. Некоторые культуры имеют дополнительные требования, такие как необходимость быть залитыми водой или требование палки для роста.$(br2)Культурам не нужны $(thing)питательные вещества$() для роста, но они определенно помогают. Существует три питательных вещества: $(b)Азот$(), $(6)Фосфор$() и $(d)Калий$(). У каждой культуры есть свое любимое питательное вещество.",
      "title": "Рост культур"
    },
    {
      "type": "patchouli:text",
      "text": "Потребление своего любимого питательного"
    },
    {
      "type": "patchouli:text",
      "anchor": "barley",
      "text": "$(bold)$(l:the_world/climate#temperature)Температура$(): -8 - 26 °C$(br)$(bold)$(l:mechanics/hydration)Увлажненность$(): 18 - 75 %$(br)$(bold)Питательное вещество$(): Азот$(br2)Ячмень - это одноблочная культура. Семена ячменя можно посадить на пашне, и они дадут $(thing)Ячмень$() и $(thing)Семена ячменя$() в качестве продукта.",
      "title": "Ячмень"
    },
    {
      "type": "tfc:multimultiblock",
      "text": "",
      "multiblocks": [
        {
          "pattern": [
            [
              "X"
            ],
            [
              "Y"
            ],
            [
              "0"
            ]
          ],
          "mapping": {
            "X": "tfc:crop/barley[age=0]",
            "Y": "tfc:farmland/loam"
          }
        },
        {
          "pattern": [
            [
              "X"
            ],
            [
              "Y"
            ],
            [
              "0"
            ]
          ],
          "mapping": {
            "X": "tfc:crop/barley[age=1]",
            "Y": "tfc:farmland/loam"
          }
        },
        {
          "pattern": [
            [
              "X"
            ],
            [
              "Y"
            ],
            [
              "0"
            ]
          ],
          "mapping": {
            "X": "tfc:crop/barley[age=2]",
            "Y": "tfc:farmland/loam"
          }
        },
        {
          "pattern": [
            [
              "X"
            ],
            [
              "Y"
            ],
            [
              "0"
            ]
          ],
          "mapping": {
            "X": "tfc:crop/barley[age=3]",
            "Y": "tfc:farmland/loam"
          }
        },
        {
          "pattern": [
            [
              "X"
            ],
            [
              "Y"
            ],
            [
              "0"
            ]
          ],
          "mapping": {
            "X": "tfc:crop/barley[age=4]",
            "Y": "tfc:farmland/loam"
          }
        },
        {
          "pattern": [
            [
              "X"
            ],
            [
              "Y"
            ],
            [
              "0"
            ]
          ],
          "mapping": {
            "X": "tfc:crop/barley[age=5]",
            "Y": "tfc:farmland/loam"
          }
        },
        {
          "pattern": [
            [
              "X"
            ],
            [
              "Y"
            ],
            [
              "0"
            ]
          ],
          "mapping": {
            "X": "tfc:crop/barley[age=6]",
            "Y": "tfc:farmland/loam"
          }
        },
        {
          "pattern": [
            [
              "X"
            ],
            [
              "Y"
            ],
            [
              "0"
            ]
          ],
          "mapping": {
            "X": "tfc:crop/barley[age=7]",
            "Y": "tfc:farmland/loam"
          }
        }
      ]
    },
    {
      "type": "patchouli:text",
      "anchor": "oat",
      "text": "$(bold)$(l:the_world/climate#temperature)Температура$(): 3 - 40 °C$(br)$(bold)$(l:mechanics/hydration)Увлажненность$(): 35 - 100 %$(br)$(bold)Питательное вещество$(): Фосфор$(br2)Овес - это одноблочная культура. Семена овса можно посадить на пашне, и они дадут $(thing)Овес$() и $(thing)Семена овса$() в качестве продукта.",
      "title": "Овес"
    },
    {
      "type": "tfc:multimultiblock",
      "text": "",
      "multiblocks": [
        {
          "pattern": [
            [
              "X"
            ],
            [
              "Y"
            ],
            [
              "0"
            ]
          ],
          "mapping": {
            "X": "tfc:crop/oat[age=0]",
            "Y": "tfc:farmland/loam"
          }
        },
        {
          "pattern": [
            [
              "X"
            ],
            [
              "Y"
            ],
            [
              "0"
            ]
          ],
          "mapping": {
            "X": "tfc:crop/oat[age=1]",
            "Y": "tfc:farmland/loam"
          }
        },
        {
          "pattern": [
            [
              "X"
            ],
            [
              "Y"
            ],
            [
              "0"
            ]
          ],
          "mapping": {
            "X": "tfc:crop/oat[age=2]",
            "Y": "tfc:farmland/loam"
          }
        },
        {
          "pattern": [
            [
              "X"
            ],
            [
              "Y"
            ],
            [
              "0"
            ]
          ],
          "mapping": {
            "X": "tfc:crop/oat[age=3]",
            "Y": "tfc:farmland/loam"
          }
        },
        {
          "pattern": [
            [
              "X"
            ],
            [
              "Y"
            ],
            [
              "0"
            ]
          ],
          "mapping": {
            "X": "tfc:crop/oat[age=4]",
            "Y": "tfc:farmland/loam"
          }
        },
        {
          "pattern": [
            [
              "X"
            ],
            [
              "Y"
            ],
            [
              "0"
            ]
          ],
          "mapping": {
            "X": "tfc:crop/oat[age=5]",
            "Y": "tfc:farmland/loam"
          }
        },
        {
          "pattern": [
            [
              "X"
            ],
            [
              "Y"
            ],
            [
              "0"
            ]
          ],
          "mapping": {
            "X": "tfc:crop/oat[age=6]",
            "Y": "tfc:farmland/loam"
          }
        },
        {
          "pattern": [
            [
              "X"
            ],
            [
              "Y"
            ],
            [
              "0"
            ]
          ],
          "mapping": {
            "X": "tfc:crop/oat[age=7]",
            "Y": "tfc:farmland/loam"
          }
        }
      ]
    },
    {
      "type": "patchouli:text",
      "anchor": "rye",
      "text": "$(bold)$(l:the_world/climate#temperature)Температура$(): -11 - 30 °C$(br)$(bold)$(l:mechanics/hydration)Увлажненность$(): 25 - 85 %$(br)$(bold)Питательное вещество$(): Фосфор$(br2)Рожь - это одноблочная культура. Семена ржи можно посадить на пашне, и они дадут $(thing)Рожь$() и $(thing)Семена ржи$() в качестве продукта.",
      "title": "Рожь"
    },
    {
      "type": "tfc:multimultiblock",
      "text": "",
      "multiblocks": [
        {
          "pattern": [
            [
              "X"
            ],
            [
              "Y"
            ],
            [
              "0"
            ]
          ],
          "mapping": {
            "X": "tfc:crop/rye[age=0]",
            "Y": "tfc:farmland/loam"
          }
        },
        {
          "pattern": [
            [
              "X"
            ],
            [
              "Y"
            ],
            [
              "0"
            ]
          ],
          "mapping": {
            "X": "tfc:crop/rye[age=1]",
            "Y": "tfc:farmland/loam"
          }
        },
        {
          "pattern": [
            [
              "X"
            ],
            [
              "Y"
            ],
            [
              "0"
            ]
          ],
          "mapping": {
            "X": "tfc:crop/rye[age=2]",
            "Y": "tfc:farmland/loam"
          }
        },
        {
          "pattern": [
            [
              "X"
            ],
            [
              "Y"
            ],
            [
              "0"
            ]
          ],
          "mapping": {
            "X": "tfc:crop/rye[age=3]",
            "Y": "tfc:farmland/loam"
          }
        },
        {
          "pattern": [
            [
              "X"
            ],
            [
              "Y"
            ],
            [
              "0"
            ]
          ],
          "mapping": {
            "X": "tfc:crop/rye[age=4]",
            "Y": "tfc:farmland/loam"
          }
        },
        {
          "pattern": [
            [
              "X"
            ],
            [
              "Y"
            ],
            [
              "0"
            ]
          ],
          "mapping": {
            "X": "tfc:crop/rye[age=5]",
            "Y": "tfc:farmland/loam"
          }
        },
        {
          "pattern": [
            [
              "X"
            ],
            [
              "Y"
            ],
            [
              "0"
            ]
          ],
          "mapping": {
            "X": "tfc:crop/rye[age=6]",
            "Y": "tfc:farmland/loam"
          }
        },
        {
          "pattern": [
            [
              "X"
            ],
            [
              "Y"
            ],
            [
              "0"
            ]
          ],
          "mapping": {
            "X": "tfc:crop/rye[age=7]",
            "Y": "tfc:farmland/loam"
          }
        }
      ]
    },
    {
      "type": "patchouli:text",
      "anchor": "maize",
      "text": "$(bold)$(l:the_world/climate#temperature)Температура$(): 13 - 40 °C$(br)$(bold)$(l:mechanics/hydration)Увлажненность$(): 75 - 100 %$(br)$(bold)Питательное вещество$(): Фосфор$(br2)Кукуруза - это двухблочная культура. Семена кукурузы можно посадить на пашне, она вырастет в два блока в высоту и даст $(thing)Кукурузу$() и $(thing)Семена кукурузы$() в качестве продукта.",
      "title": "Кукуруза"
    },
    {
      "type": "tfc:multimultiblock",
      "text": "",
      "multiblocks": [
        {
          "pattern": [
            [
              "X"
            ],
            [
              "Y"
            ],
            [
              "Z"
            ],
            [
              "0"
            ]
          ],
          "mapping": {
            "X": "minecraft:air",
            "Y": "tfc:crop/maize[age=0,part=bottom]",
            "Z": "tfc:farmland/loam"
          }
        },
        {
          "pattern": [
            [
              "X"
            ],
            [
              "Y"
            ],
            [
              "Z"
            ],
            [
              "0"
            ]
          ],
          "mapping": {
            "X": "minecraft:air",
            "Y": "tfc:crop/maize[age=1,part=bottom]",
            "Z": "tfc:farmland/loam"
          }
        },
        {
          "pattern": [
            [
              "X"
            ],
            [
              "Y"
            ],
            [
              "Z"
            ],
            [
              "0"
            ]
          ],
          "mapping": {
            "X": "minecraft:air",
            "Y": "tfc:crop/maize[age=2,part=bottom]",
            "Z": "tfc:farmland/loam"
          }
        },
        {
          "pattern": [
            [
              "X"
            ],
            [
              "Y"
            ],
            [
              "Z"
            ],
            [
              "0"
            ]
          ],
          "mapping": {
            "X": "tfc:crop/maize[age=3,part=top]",
            "Y": "tfc:crop/maize[age=3,part=bottom]",
            "Z": "tfc:farmland/loam"
          }
        },
        {
          "pattern": [
            [
              "X"
            ],
            [
              "Y"
            ],
            [
              "Z"
            ],
            [
              "0"
            ]
          ],
          "mapping": {
            "X": "tfc:crop/maize[age=4,part=top]",
            "Y": "tfc:crop/maize[age=4,part=bottom]",
            "Z": "tfc:farmland/loam"
          }
        },
        {
          "pattern": [
            [
              "X"
            ],
            [
              "Y"
            ],
            [
              "Z"
            ],
            [
              "0"
            ]
          ],
          "mapping": {
            "X": "tfc:crop/maize[age=5,part=top]",
            "Y": "tfc:crop/maize[age=5,part=bottom]",
            "Z": "tfc:farmland/loam"
          }
        }
      ]
    },
    {
      "type": "patchouli:text",
      "anchor": "wheat",
      "text": "$(bold)$(l:the_world/climate#temperature)Температура$(): -4 - 35 °C$(br)$(bold)$(l:mechanics/hydration)Увлажненность$(): 25 - 100 %$(br)$(bold)Питательное вещество$(): Фосфор$(br2)Пшеница - это одноблочная культура. Семена пшеницы можно посадить на пашне, и они дадут $(thing)Пшеницу$() и $(thing)Семена пшеницы$() в качестве продукта.",
      "title": "Пшеница"
    },
    {
      "type": "tfc:multimultiblock",
      "text": "",
      "multiblocks": [
        {
          "pattern": [
            [
              "X"
            ],
            [
              "Y"
            ],
            [
              "0"
            ]
          ],
          "mapping": {
            "X": "tfc:crop/wheat[age=0]",
            "Y": "tfc:farmland/loam"
          }
        },
        {
          "pattern": [
            [
              "X"
            ],
            [
              "Y"
            ],
            [
              "0"
            ]
          ],
          "mapping": {
            "X": "tfc:crop/wheat[age=1]",
            "Y": "tfc:farmland/loam"
          }
        },
        {
          "pattern": [
            [
              "X"
            ],
            [
              "Y"
            ],
            [
              "0"
            ]
          ],
          "mapping": {
            "X": "tfc:crop/wheat[age=2]",
            "Y": "tfc:farmland/loam"
          }
        },
        {
          "pattern": [
            [
              "X"
            ],
            [
              "Y"
            ],
            [
              "0"
            ]
          ],
          "mapping": {
            "X": "tfc:crop/wheat[age=3]",
            "Y": "tfc:farmland/loam"
          }
        },
        {
          "pattern": [
            [
              "X"
            ],
            [
              "Y"
            ],
            [
              "0"
            ]
          ],
          "mapping": {
            "X": "tfc:crop/wheat[age=4]",
            "Y": "tfc:farmland/loam"
          }
        },
        {
          "pattern": [
            [
              "X"
            ],
            [
              "Y"
            ],
            [
              "0"
            ]
          ],
          "mapping": {
            "X": "tfc:crop/wheat[age=5]",
            "Y": "tfc:farmland/loam"
          }
        },
        {
          "pattern": [
            [
              "X"
            ],
            [
              "Y"
            ],
            [
              "0"
            ]
          ],
          "mapping": {
            "X": "tfc:crop/wheat[age=6]",
            "Y": "tfc:farmland/loam"
          }
        },
        {
          "pattern": [
            [
              "X"
            ],
            [
              "Y"
            ],
            [
              "0"
            ]
          ],
          "mapping": {
            "X": "tfc:crop/wheat[age=7]",
            "Y": "tfc:farmland/loam"
          }
        }
      ]
    },
    {
      "type": "patchouli:text",
      "anchor": "rice",
      "text": "$(bold)$(l:the_world/climate#temperature)Температура$(): 15 - 30 °C$(br)$(bold)$(l:mechanics/hydration)Увлажненность$(): 25 - 100 %$(br)$(bold)Питательное вещество$(): Фосфор$(br2)Рис - это одноблочная культура. Рис должен выращиваться под водой - его нужно посадить на пашне в пресной воде глубиной в один блок. Он даст $(thing)Рис$() и $(thing)Семена риса$() в качестве продукта.",
      "title": "Рис"
    },
    {
      "type": "tfc:multimultiblock",
      "text": "Примечание: для роста блок риса должен быть $(thing)Затоплен$().",
      "multiblocks": [
        {
          "pattern": [
            [
              "X"
            ],
            [
              "Y"
            ],
            [
              "0"
            ]
          ],
          "mapping": {
            "X": "tfc:crop/rice[age=0,fluid=water]",
            "Y": "tfc:farmland/loam"
          }
        },
        {
          "pattern": [
            [
              "X"
            ],
            [
              "Y"
            ],
            [
              "0"
            ]
          ],
          "mapping": {
            "X": "tfc:crop/rice[age=1,fluid=water]",
            "Y": "tfc:farmland/loam"
          }
        },
        {
          "pattern": [
            [
              "X"
            ],
            [
              "Y"
            ],
            [
              "0"
            ]
          ],
          "mapping": {
            "X": "tfc:crop/rice[age=2,fluid=water]",
            "Y": "tfc:farmland/loam"
          }
        },
        {
          "pattern": [
            [
              "X"
            ],
            [
              "Y"
            ],
            [
              "0"
            ]
          ],
          "mapping": {
            "X": "tfc:crop/rice[age=3,fluid=water]",
            "Y": "tfc:farmland/loam"
          }
        },
        {
          "pattern": [
            [
              "X"
            ],
            [
              "Y"
            ],
            [
              "0"
            ]
          ],
          "mapping": {
            "X": "tfc:crop/rice[age=4,fluid=water]",
            "Y": "tfc:farmland/loam"
          }
        },
        {
          "pattern": [
            [
              "X"
            ],
            [
              "Y"
            ],
            [
              "0"
            ]
          ],
          "mapping": {
            "X": "tfc:crop/rice[age=5,fluid=water]",
            "Y": "tfc:farmland/loam"
          }
        },
        {
          "pattern": [
            [
              "X"
            ],
            [
              "Y"
            ],
            [
              "0"
            ]
          ],
          "mapping": {
            "X": "tfc:crop/rice[age=6,fluid=water]",
            "Y": "tfc:farmland/loam"
          }
        },
        {
          "pattern": [
            [
              "X"
            ],
            [
              "Y"
            ],
            [
              "0"
            ]
          ],
          "mapping": {
            "X": "tfc:crop/rice[age=7,fluid=water]",
            "Y": "tfc:farmland/loam"
          }
        }
      ]
    },
    {
      "type": "patchouli:text",
      "anchor": "beet",
      "text": "$(bold)$(l:the_world/climate#temperature)Температура$(): -5 - 20 °C$(br)$(bold)$(l:mechanics/hydration)Увлажненность$(): 18 - 85 %$(br)$(bold)Питательное вещество$(): Калий$(br2)Свекла - это одноблочная культура. Семена свеклы можно посадить на пашне, и они дадут $(thing)Свеклу$() и $(thing)Семена свеклы$() в качестве продукта.",
      "title": "Свекла"
    },
    {
      "type": "tfc:multimultiblock",
      "text": "",
      "multiblocks": [
        {
          "pattern": [
            [
              "X"
            ],
            [
              "Y"
            ],
            [
              "0"
            ]
          ],
          "mapping": {
            "X": "tfc:crop/beet[age=0]",
            "Y": "tfc:farmland/loam"
          }
        },
        {
          "pattern": [
            [
              "X"
            ],
            [
              "Y"
            ],
            [
              "0"
            ]
          ],
          "mapping": {
            "X": "tfc:crop/beet[age=1]",
            "Y": "tfc:farmland/loam"
          }
        },
        {
          "pattern": [
            [
              "X"
            ],
            [
              "Y"
            ],
            [
              "0"
            ]
          ],
          "mapping": {
            "X": "tfc:crop/beet[age=2]",
            "Y": "tfc:farmland/loam"
          }
        },
        {
          "pattern": [
            [
              "X"
            ],
            [
              "Y"
            ],
            [
              "0"
            ]
          ],
          "mapping": {
            "X": "tfc:crop/beet[age=3]",
            "Y": "tfc:farmland/loam"
          }
        },
        {
          "pattern": [
            [
              "X"
            ],
            [
              "Y"
            ],
            [
              "0"
            ]
          ],
          "mapping": {
            "X": "tfc:crop/beet[age=4]",
            "Y": "tfc:farmland/loam"
          }
        },
        {
          "pattern": [
            [
              "X"
            ],
            [
              "Y"
            ],
            [
              "0"
            ]
          ],
          "mapping": {
            "X": "tfc:crop/beet[age=5]",
            "Y": "tfc:farmland/loam"
          }
        }
      ]
    },
    {
      "type": "patchouli:text",
      "anchor": "cabbage",
      "text": "$(bold)$(l:the_world/climate#temperature)Температура$(): -10 - 27 °C$(br)$(bold)$(l:mechanics/hydration)Увлажненность$(): 15 - 65 %$(br)$(bold)Питательное вещество$(): Азот$(br2)Капуста - это одноблочная культура. Семена капусты можно посадить на пашне, и они дадут $(thing)Капусту$() и $(thing)Семена капусты$() в качестве продукта.",
      "title": "Капуста"
    },
    {
      "type": "tfc:multimultiblock",
      "text": "",
      "multiblocks": [
        {
          "pattern": [
            [
              "X"
            ],
            [
              "Y"
            ],
            [
              "0"
            ]
          ],
          "mapping": {
            "X": "tfc:crop/cabbage[age=0]",
            "Y": "tfc:farmland/loam"
          }
        },
        {
          "pattern": [
            [
              "X"
            ],
            [
              "Y"
            ],
            [
              "0"
            ]
          ],
          "mapping": {
            "X": "tfc:crop/cabbage[age=1]",
            "Y": "tfc:farmland/loam"
          }
        },
        {
          "pattern": [
            [
              "X"
            ],
            [
              "Y"
            ],
            [
              "0"
            ]
          ],
          "mapping": {
            "X": "tfc:crop/cabbage[age=2]",
            "Y": "tfc:farmland/loam"
          }
        },
        {
          "pattern": [
            [
              "X"
            ],
            [
              "Y"
            ],
            [
              "0"
            ]
          ],
          "mapping": {
            "X": "tfc:crop/cabbage[age=3]",
            "Y": "tfc:farmland/loam"
          }
        },
        {
          "pattern": [
            [
              "X"
            ],
            [
              "Y"
            ],
            [
              "0"
            ]
          ],
          "mapping": {
            "X": "tfc:crop/cabbage[age=4]",
            "Y": "tfc:farmland/loam"
          }
        },
        {
          "pattern": [
            [
              "X"
            ],
            [
              "Y"
            ],
            [
              "0"
            ]
          ],
          "mapping": {
            "X": "tfc:crop/cabbage[age=5]",
            "Y": "tfc:farmland/loam"
          }
        }
      ]
    },
    {
      "type": "patchouli:text",
      "anchor": "carrot",
      "text": "$(bold)$(l:the_world/climate#temperature)Температура$(): 3 - 30 °C$(br)$(bold)$(l:mechanics/hydration)Увлажненность$(): 25 - 100 %$(br)$(bold)Питательное вещество$(): Калий$(br2)Морковь - это одноблочная культура. Семена моркови можно посадить на пашне, и они дадут $(thing)Морковь$() и $(thing)Семена моркови$() в качестве продукта.",
      "title": "Морковь"
    },
    {
      "type": "tfc:multimultiblock",
      "text": "",
      "multiblocks": [
        {
          "pattern": [
            [
              "X"
            ],
            [
              "Y"
            ],
            [
              "0"
            ]
          ],
          "mapping": {
            "X": "tfc:crop/carrot[age=0]",
            "Y": "tfc:farmland/loam"
          }
        },
        {
          "pattern": [
            [
              "X"
            ],
            [
              "Y"
            ],
            [
              "0"
            ]
          ],
          "mapping": {
            "X": "tfc:crop/carrot[age=1]",
            "Y": "tfc:farmland/loam"
          }
        },
        {
          "pattern": [
            [
              "X"
            ],
            [
              "Y"
            ],
            [
              "0"
            ]
          ],
          "mapping": {
            "X": "tfc:crop/carrot[age=2]",
            "Y": "tfc:farmland/loam"
          }
        },
        {
          "pattern": [
            [
              "X"
            ],
            [
              "Y"
            ],
            [
              "0"
            ]
          ],
          "mapping": {
            "X": "tfc:crop/carrot[age=3]",
            "Y": "tfc:farmland/loam"
          }
        },
        {
          "pattern": [
            [
              "X"
            ],
            [
              "Y"
            ],
            [
              "0"
            ]
          ],
          "mapping": {
            "X": "tfc:crop/carrot[age=4]",
            "Y": "tfc:farmland/loam"
          }
        }
      ]
    },
    {
      "type": "patchouli:text",
      "anchor": "garlic",
      "text": "$(bold)$(l:the_world/climate#temperature)Температура$(): -20 - 18 °C$(br)$(bold)$(l:mechanics/hydration)Увлажненность$(): 15 - 75 %$(br)$(bold)Питательное вещество$(): Азот$(br2)Чеснок - это одноблочная культура. Семена чеснока можно посадить на пашне, и они дадут $(thing)Чеснок$() и $(thing)Семена чеснока$() в качестве продукта.",
      "title": "Чеснок"
    },
    {
      "type": "tfc:multimultiblock",
      "text": "",
      "multiblocks": [
        {
          "pattern": [
            [
              "X"
            ],
            [
              "Y"
            ],
            [
              "0"
            ]
          ],
          "mapping": {
            "X": "tfc:crop/garlic[age=0]",
            "Y": "tfc:farmland/loam"
          }
        },
        {
          "pattern": [
            [
              "X"
            ],
            [
              "Y"
            ],
            [
              "0"
            ]
          ],
          "mapping": {
            "X": "tfc:crop/garlic[age=1]",
            "Y": "tfc:farmland/loam"
          }
        },
        {
          "pattern": [
            [
              "X"
            ],
            [
              "Y"
            ],
            [
              "0"
            ]
          ],
          "mapping": {
            "X": "tfc:crop/garlic[age=2]",
            "Y": "tfc:farmland/loam"
          }
        },
        {
          "pattern": [
            [
              "X"
            ],
            [
              "Y"
            ],
            [
              "0"
            ]
          ],
          "mapping": {
            "X": "tfc:crop/garlic[age=3]",
            "Y": "tfc:farmland/loam"
          }
        },
        {
          "pattern": [
            [
              "X"
            ],
            [
              "Y"
            ],
            [
              "0"
            ]
          ],
          "mapping": {
            "X": "tfc:crop/garlic[age=4]",
            "Y": "tfc:farmland/loam"
          }
        }
      ]
    },
    {
      "type": "patchouli:text",
      "anchor": "green_bean",
      "text": "$(bold)$(l:the_world/climate#temperature)Температура$(): 2 - 35 °C$(br)$(bold)$(l:mechanics/hydration)Увлажненность$(): 38 - 100 %$(br)$(bold)Питательное вещество$(): Азот$(br2)Зеленая фасоль - это вьющаяся культура высотой в два блока. Семена зеленой фасоли можно посадить на пашне, она вырастет в два блока в высоту, если присутствует палка, и даст $(thing)Зеленую фасоль$() и $(thing)Семена зеленой фасоли$() в качестве продукта.",
      "title": "Зеленая фасоль"
    },
    {
      "type": "tfc:multimultiblock",
      "text": "Для полного роста культуры требуется палка.",
      "multiblocks": [
        {
          "pattern": [
            [
              "X"
            ],
            [
              "Y"
            ],
            [
              "Z"
            ],
            [
              "0"
            ]
          ],
          "mapping": {
            "X": "tfc:crop/green_bean[age=0,part=top,stick=true]",
            "Y": "tfc:crop/green_bean[age=0,part=bottom,stick=true]",
            "Z": "tfc:farmland/loam"
          }
        },
        {
          "pattern": [
            [
              "X"
            ],
            [
              "Y"
            ],
            [
              "Z"
            ],
            [
              "0"
            ]
          ],
          "mapping": {
            "X": "tfc:crop/green_bean[age=1,part=top,stick=true]",
            "Y": "tfc:crop/green_bean[age=1,part=bottom,stick=true]",
            "Z": "tfc:farmland/loam"
          }
        },
        {
          "pattern": [
            [
              "X"
            ],
            [
              "Y"
            ],
            [
              "Z"
            ],
            [
              "0"
            ]
          ],
          "mapping": {
            "X": "tfc:crop/green_bean[age=2,part=top,stick=true]",
            "Y": "tfc:crop/green_bean[age=2,part=bottom,stick=true]",
            "Z": "tfc:farmland/loam"
          }
        },
        {
          "pattern": [
            [
              "X"
            ],
            [
              "Y"
            ],
            [
              "Z"
            ],
            [
              "0"
            ]
          ],
          "mapping": {
            "X": "tfc:crop/green_bean[age=3,part=top,stick=true]",
            "Y": "tfc:crop/green_bean[age=3,part=bottom,stick=true]",
            "Z": "tfc:farmland/loam"
          }
        },
        {
          "pattern": [
            [
              "X"
            ],
            [
              "Y"
            ],
            [
              "Z"
            ],
            [
              "0"
            ]
          ],
          "mapping": {
            "X": "tfc:crop/green_bean[age=4,part=top,stick=true]",
            "Y": "tfc:crop/green_bean[age=4,part=bottom,stick=true]",
            "Z": "tfc:farmland/loam"
          }
        },
        {
          "pattern": [
            [
              "X"
            ],
            [
              "Y"
            ],
            [
              "Z"
            ],
            [
              "0"
            ]
          ],
          "mapping": {
            "X": "tfc:crop/green_bean[age=5,part=top,stick=true]",
            "Y": "tfc:crop/green_bean[age=5,part=bottom,stick=true]",
            "Z": "tfc:farmland/loam"
          }
        },
        {
          "pattern": [
            [
              "X"
            ],
            [
              "Y"
            ],
            [
              "Z"
            ],
            [
              "0"
            ]
          ],
          "mapping": {
            "X": "tfc:crop/green_bean[age=6,part=top,stick=true]",
            "Y": "tfc:crop/green_bean[age=6,part=bottom,stick=true]",
            "Z": "tfc:farmland/loam"
          }
        },
        {
          "pattern": [
            [
              "X"
            ],
            [
              "Y"
            ],
            [
              "Z"
            ],
            [
              "0"
            ]
          ],
          "mapping": {
            "X": "tfc:crop/green_bean[age=7,part=top,stick=true]",
            "Y": "tfc:crop/green_bean[age=7,part=bottom,stick=true]",
            "Z": "tfc:farmland/loam"
          }
        }
      ]
    },
    {
      "type": "patchouli:text",
      "anchor": "potato",
      "text": "$(bold)$(l:the_world/climate#temperature)Температура$(): -1 - 37 °C$(br)$(bold)$(l:mechanics/hydration)Увлажненность$(): 50 - 100 %$(br)$(bold)Питательное вещество$(): Калий$(br2)Картофель - это одноблочная культура. Семена картофеля можно посадить на пашне, и они дадут $(thing)Картофель$() и $(thing)Семена картофеля$() в качестве продукта.",
      "title": "Картофель"
    },
    {
      "type": "tfc:multimultiblock",
      "text": "",
      "multiblocks": [
        {
          "pattern": [
            [
              "X"
            ],
            [
              "Y"
            ],
            [
              "0"
            ]
          ],
          "mapping": {
            "X": "tfc:crop/potato[age=0]",
            "Y": "tfc:farmland/loam"
          }
        },
        {
          "pattern": [
            [
              "X"
            ],
            [
              "Y"
            ],
            [
              "0"
            ]
          ],
          "mapping": {
            "X": "tfc:crop/potato[age=1]",
            "Y": "tfc:farmland/loam"
          }
        },
        {
          "pattern": [
            [
              "X"
            ],
            [
              "Y"
            ],
            [
              "0"
            ]
          ],
          "mapping": {
            "X": "tfc:crop/potato[age=2]",
            "Y": "tfc:farmland/loam"
          }
        },
        {
          "pattern": [
            [
              "X"
            ],
            [
              "Y"
            ],
            [
              "0"
            ]
          ],
          "mapping": {
            "X": "tfc:crop/potato[age=3]",
            "Y": "tfc:farmland/loam"
          }
        },
        {
          "pattern": [
            [
              "X"
            ],
            [
              "Y"
            ],
            [
              "0"
            ]
          ],
          "mapping": {
            "X": "tfc:crop/potato[age=4]",
            "Y": "tfc:farmland/loam"
          }
        },
        {
          "pattern": [
            [
              "X"
            ],
            [
              "Y"
            ],
            [
              "0"
            ]
          ],
          "mapping": {
            "X": "tfc:crop/potato[age=5]",
            "Y": "tfc:farmland/loam"
          }
        },
        {
          "pattern": [
            [
              "X"
            ],
            [
              "Y"
            ],
            [
              "0"
            ]
          ],
          "mapping": {
            "X": "tfc:crop/potato[age=6]",
            "Y": "tfc:farmland/loam"
          }
        }
      ]
    },
    {
      "type": "patchouli:text",
      "anchor": "pumpkin",
      "text": "$(bold)$(l:the_world/climate#temperature)Температура$(): 0 - 30 °C$(br)$(bold)$(l:mechanics/hydration)Увлажненность$(): 30 - 80 %$(br)$(bold)Питательное вещество$(): Фосфор$(br2)Тыквы - это распространяющаяся культура. Семена тыквы можно посадить на пашне, и они разместят до двух $(thing)Блоков тыквы$() на земле рядом с собой, когда они созреют. Если блоки тыквы собраны, и растение снова созреет, оно может вырастить больше тыкв. Тыквы можно превратить в $(l:mechanics/lighting#jack_o_lanterns)Фонарики из тыквы$().",
      "title": "Тыквы"
    },
    {
      "type": "tfc:multimultiblock",
      "text": "",
      "multiblocks": [
        {
          "pattern": [
            [
              "   ",
              " CP",
              "   "
            ],
            [
              "GGG",
              "G0G",
              "GGG"
            ]
          ],
          "mapping": {
            "G": "tfc:farmland/loam",
            "0": "tfc:farmland/loam",
            "C": "tfc:crop/pumpkin[age=0]",
            "P": "minecraft:air"
          }
        },
        {
          "pattern": [
            [
              "   ",
              " CP",
              "   "
            ],
            [
              "GGG",
              "G0G",
              "GGG"
            ]
          ],
          "mapping": {
            "G": "tfc:farmland/loam",
            "0": "tfc:farmland/loam",
            "C": "tfc:crop/pumpkin[age=1]",
            "P": "minecraft:air"
          }
        },
        {
          "pattern": [
            [
              "   ",
              " CP",
              "   "
            ],
            [
              "GGG",
              "G0G",
              "GGG"
            ]
          ],
          "mapping": {
            "G": "tfc:farmland/loam",
            "0": "tfc:farmland/loam",
            "C": "tfc:crop/pumpkin[age=2]",
            "P": "minecraft:air"
          }
        },
        {
          "pattern": [
            [
              "   ",
              " CP",
              "   "
            ],
            [
              "GGG",
              "G0G",
              "GGG"
            ]
          ],
          "mapping": {
            "G": "tfc:farmland/loam",
            "0": "tfc:farmland/loam",
            "C": "tfc:crop/pumpkin[age=3]",
            "P": "minecraft:air"
          }
        },
        {
          "pattern": [
            [
              "   ",
              " CP",
              "   "
            ],
            [
              "GGG",
              "G0G",
              "GGG"
            ]
          ],
          "mapping": {
            "G": "tfc:farmland/loam",
            "0": "tfc:farmland/loam",
            "C": "tfc:crop/pumpkin[age=4]",
            "P": "minecraft:air"
          }
        },
        {
          "pattern": [
            [
              "   ",
              " CP",
              "   "
            ],
            [
              "GGG",
              "G0G",
              "GGG"
            ]
          ],
          "mapping": {
            "G": "tfc:farmland/loam",
            "0": "tfc:farmland/loam",
            "C": "tfc:crop/pumpkin[age=5]",
            "P": "minecraft:air"
          }
        },
        {
          "pattern": [
            [
              "   ",
              " CP",
              "   "
            ],
            [
              "GGG",
              "G0G",
              "GGG"
            ]
          ],
          "mapping": {
            "G": "tfc:farmland/loam",
            "0": "tfc:farmland/loam",
            "C": "tfc:crop/pumpkin[age=6]",
            "P": "minecraft:air"
          }
        },
        {
          "pattern": [
            [
              "   ",
              " CP",
              "   "
            ],
            [
              "GGG",
              "G0G",
              "GGG"
            ]
          ],
          "mapping": {
            "G": "tfc:farmland/loam",
            "0": "tfc:farmland/loam",
            "C": "tfc:crop/pumpkin[age=7]",
            "P": "tfc:pumpkin"
          }
        }
      ]
    },
    {
      "type": "patchouli:text",
      "anchor": "melon",
      "text": "$(bold)$(l:the_world/climate#temperature)Температура$(): 5 - 37 °C$(br)$(bold)$(l:mechanics/hydration)Увлажненность$(): 75 - 100 %$(br)$(bold)Питательное вещество$(): Фосфор$(br2)Арбузы - это распространяющаяся культура. Семена арбуза можно посадить на пашне, и они разместят до двух $(thing)блоков арбуза$() на земле рядом с собой, когда они созреют. Если блоки арбуза собраны, и растение снова созреет, оно может вырастить больше арбузов.",
      "title": "Арбузы"
    },
    {
      "type": "tfc:multimultiblock",
      "text": "",
      "multiblocks": [
        {
          "pattern": [
            [
              "   ",
              " CP",
              "   "
            ],
            [
              "GGG",
              "G0G",
              "GGG"
            ]
          ],
          "mapping": {
            "G": "tfc:farmland/loam",
            "0": "tfc:farmland/loam",
            "C": "tfc:crop/melon[age=0]",
            "P": "minecraft:air"
          }
        },
        {
          "pattern": [
            [
              "   ",
              " CP",
              "   "
            ],
            [
              "GGG",
              "G0G",
              "GGG"
            ]
          ],
          "mapping": {
            "G": "tfc:farmland/loam",
            "0": "tfc:farmland/loam",
            "C": "tfc:crop/melon[age=1]",
            "P": "minecraft:air"
          }
        },
        {
          "pattern": [
            [
              "   ",
              " CP",
              "   "
            ],
            [
              "GGG",
              "G0G",
              "GGG"
            ]
          ],
          "mapping": {
            "G": "tfc:farmland/loam",
            "0": "tfc:farmland/loam",
            "C": "tfc:crop/melon[age=2]",
            "P": "minecraft:air"
          }
        },
        {
          "pattern": [
            [
              "   ",
              " CP",
              "   "
            ],
            [
              "GGG",
              "G0G",
              "GGG"
            ]
          ],
          "mapping": {
            "G": "tfc:farmland/loam",
            "0": "tfc:farmland/loam",
            "C": "tfc:crop/melon[age=3]",
            "P": "minecraft:air"
          }
        },
        {
          "pattern": [
            [
              "   ",
              " CP",
              "   "
            ],
            [
              "GGG",
              "G0G",
              "GGG"
            ]
          ],
          "mapping": {
            "G": "tfc:farmland/loam",
            "0": "tfc:farmland/loam",
            "C": "tfc:crop/melon[age=4]",
            "P": "minecraft:air"
          }
        },
        {
          "pattern": [
            [
              "   ",
              " CP",
              "   "
            ],
            [
              "GGG",
              "G0G",
              "GGG"
            ]
          ],
          "mapping": {
            "G": "tfc:farmland/loam",
            "0": "tfc:farmland/loam",
            "C": "tfc:crop/melon[age=5]",
            "P": "minecraft:air"
          }
        },
        {
          "pattern": [
            [
              "   ",
              " CP",
              "   "
            ],
            [
              "GGG",
              "G0G",
              "GGG"
            ]
          ],
          "mapping": {
            "G": "tfc:farmland/loam",
            "0": "tfc:farmland/loam",
            "C": "tfc:crop/melon[age=6]",
            "P": "minecraft:air"
          }
        },
        {
          "pattern": [
            [
              "   ",
              " CP",
              "   "
            ],
            [
              "GGG",
              "G0G",
              "GGG"
            ]
          ],
          "mapping": {
            "G": "tfc:farmland/loam",
            "0": "tfc:farmland/loam",
            "C": "tfc:crop/melon[age=7]",
            "P": "tfc:melon"
          }
        }
      ]
    },
    {
      "type": "patchouli:text",
      "anchor": "red_bell_pepper",
      "text": "$(bold)$(l:the_world/climate#temperature)Температура$(): 16 - 30 °C$(br)$(bold)$(l:mechanics/hydration)Увлажненность$(): 25 - 60 %$(br)$(bold)Питательное вещество$(): Калий$(br2)Красные сладкие перцы - это собираемая культура. Когда они почти созреют, их можно собрать с помощью $(item)$(k:key.use)$(), чтобы получить зеленые сладкие перцы. Сбор с помощью $(item)$(k:key.use)$() позволяет растению вырастить больше перцев в будущем, не уничтожая растение.",
      "title": "Красные сладкие перцы"
    },
    {
      "type": "tfc:multimultiblock",
      "text": "",
      "multiblocks": [
        {
          "pattern": [
            [
              "X"
            ],
            [
              "Y"
            ],
            [
              "0"
            ]
          ],
          "mapping": {
            "X": "tfc:crop/red_bell_pepper[age=0]",
            "Y": "tfc:farmland/loam"
          }
        },
        {
          "pattern": [
            [
              "X"
            ],
            [
              "Y"
            ],
            [
              "0"
            ]
          ],
          "mapping": {
            "X": "tfc:crop/red_bell_pepper[age=1]",
            "Y": "tfc:farmland/loam"
          }
        },
        {
          "pattern": [
            [
              "X"
            ],
            [
              "Y"
            ],
            [
              "0"
            ]
          ],
          "mapping": {
            "X": "tfc:crop/red_bell_pepper[age=2]",
            "Y": "tfc:farmland/loam"
          }
        },
        {
          "pattern": [
            [
              "X"
            ],
            [
              "Y"
            ],
            [
              "0"
            ]
          ],
          "mapping": {
            "X": "tfc:crop/red_bell_pepper[age=3]",
            "Y": "tfc:farmland/loam"
          }
        },
        {
          "pattern": [
            [
              "X"
            ],
            [
              "Y"
            ],
            [
              "0"
            ]
          ],
          "mapping": {
            "X": "tfc:crop/red_bell_pepper[age=4]",
            "Y": "tfc:farmland/loam"
          }
        },
        {
          "pattern": [
            [
              "X"
            ],
            [
              "Y"
            ],
            [
              "0"
            ]
          ],
          "mapping": {
            "X": "tfc:crop/red_bell_pepper[age=5]",
            "Y": "tfc:farmland/loam"
          }
        },
        {
          "pattern": [
            [
              "X"
            ],
            [
              "Y"
            ],
            [
              "0"
            ]
          ],
          "mapping": {
            "X": "tfc:crop/red_bell_pepper[age=6]",
            "Y": "tfc:farmland/loam"
          }
        }
      ]
    },
    {
      "type": "patchouli:text",
      "anchor": "yellow_bell_pepper",
      "text": "$(bold)$(l:the_world/climate#temperature)Температура$(): 16 - 30 °C$(br)$(bold)$(l:mechanics/hydration)Увлажненность$(): 25 - 60 %$(br)$(bold)Питательное вещество$(): Калий$(br2)Желтые сладкие перцы - это собираемая культура. Когда они почти созреют, их можно собрать с помощью $(item)$(k:key.use)$(), чтобы получить зеленые сладкие перцы. Сбор с помощью $(item)$(k:key.use)$() позволяет растению вырастить больше перцев в будущем, не уничтожая растение.",
      "title": "Желтые сладкие перцы"
    },
    {
      "type": "tfc:multimultiblock",
      "text": "",
      "multiblocks": [
        {
          "pattern": [
            [
              "X"
            ],
            [
              "Y"
            ],
            [
              "0"
            ]
          ],
          "mapping": {
            "X": "tfc:crop/yellow_bell_pepper[age=0]",
            "Y": "tfc:farmland/loam"
          }
        },
        {
          "pattern": [
            [
              "X"
            ],
            [
              "Y"
            ],
            [
              "0"
            ]
          ],
          "mapping": {
            "X": "tfc:crop/yellow_bell_pepper[age=1]",
            "Y": "tfc:farmland/loam"
          }
        },
        {
          "pattern": [
            [
              "X"
            ],
            [
              "Y"
            ],
            [
              "0"
            ]
          ],
          "mapping": {
            "X": "tfc:crop/yellow_bell_pepper[age=2]",
            "Y": "tfc:farmland/loam"
          }
        },
        {
          "pattern": [
            [
              "X"
            ],
            [
              "Y"
            ],
            [
              "0"
            ]
          ],
          "mapping": {
            "X": "tfc:crop/yellow_bell_pepper[age=3]",
            "Y": "tfc:farmland/loam"
          }
        },
        {
          "pattern": [
            [
              "X"
            ],
            [
              "Y"
            ],
            [
              "0"
            ]
          ],
          "mapping": {
            "X": "tfc:crop/yellow_bell_pepper[age=4]",
            "Y": "tfc:farmland/loam"
          }
        },
        {
          "pattern": [
            [
              "X"
            ],
            [
              "Y"
            ],
            [
              "0"
            ]
          ],
          "mapping": {
            "X": "tfc:crop/yellow_bell_pepper[age=5]",
            "Y": "tfc:farmland/loam"
          }
        },
        {
          "pattern": [
            [
              "X"
            ],
            [
              "Y"
            ],
            [
              "0"
            ]
          ],
          "mapping": {
            "X": "tfc:crop/yellow_bell_pepper[age=6]",
            "Y": "tfc:farmland/loam"
          }
        }
      ]
    },
    {
      "type": "patchouli:text",
      "anchor": "onion",
      "text": "$(bold)$(l:the_world/climate#temperature)Температура$(): 0 - 30 °C$(br)$(bold)$(l:mechanics/hydration)Увлажненность$(): 25 - 90 %$(br)$(bold)Питательное вещество$(): Азот$(br2)Лук - это одноблочная культура. Семена лука можно посадить на пашне, и они дадут $(thing)Лук$() и $(thing)Семена лука$() в качестве продукта.",
      "title": "Лук"
    },
    {
      "type": "tfc:multimultiblock",
      "text": "",
      "multiblocks": [
        {
          "pattern": [
            [
              "X"
            ],
            [
              "Y"
            ],
            [
              "0"
            ]
          ],
          "mapping": {
            "X": "tfc:crop/onion[age=0]",
            "Y": "tfc:farmland/loam"
          }
        },
        {
          "pattern": [
            [
              "X"
            ],
            [
              "Y"
            ],
            [
              "0"
            ]
          ],
          "mapping": {
            "X": "tfc:crop/onion[age=1]",
            "Y": "tfc:farmland/loam"
          }
        },
        {
          "pattern": [
            [
              "X"
            ],
            [
              "Y"
            ],
            [
              "0"
            ]
          ],
          "mapping": {
            "X": "tfc:crop/onion[age=2]",
            "Y": "tfc:farmland/loam"
          }
        },
        {
          "pattern": [
            [
              "X"
            ],
            [
              "Y"
            ],
            [
              "0"
            ]
          ],
          "mapping": {
            "X": "tfc:crop/onion[age=3]",
            "Y": "tfc:farmland/loam"
          }
        },
        {
          "pattern": [
            [
              "X"
            ],
            [
              "Y"
            ],
            [
              "0"
            ]
          ],
          "mapping": {
            "X": "tfc:crop/onion[age=4]",
            "Y": "tfc:farmland/loam"
          }
        },
        {
          "pattern": [
            [
              "X"
            ],
            [
              "Y"
            ],
            [
              "0"
            ]
          ],
          "mapping": {
            "X": "tfc:crop/onion[age=5]",
            "Y": "tfc:farmland/loam"
          }
        },
        {
          "pattern": [
            [
              "X"
            ],
            [
              "Y"
            ],
            [
              "0"
            ]
          ],
          "mapping": {
            "X": "tfc:crop/onion[age=6]",
            "Y": "tfc:farmland/loam"
          }
        }
      ]
    },
    {
      "type": "patchouli:text",
      "anchor": "soybean",
      "text": "$(bold)$(l:the_world/climate#temperature)Температура$(): 8 - 30 °C$(br)$(bold)$(l:mechanics/hydration)Увлажненность$(): 40 - 100 %$(br)$(bold)Питательное вещество$(): Азот$(br2)Соя - это одноблочная культура. Семена сои можно посадить на пашне, и они дадут $(thing)Сою$() и $(thing)Семена сои$() в качестве продукта.",
      "title": "Соя"
    },
    {
      "type": "tfc:multimultiblock",
      "text": "",
      "multiblocks": [
        {
          "pattern": [
            [
              "X"
            ],
            [
              "Y"
            ],
            [
              "0"
            ]
          ],
          "mapping": {
            "X": "tfc:crop/soybean[age=0]",
            "Y": "tfc:farmland/loam"
          }
        },
        {
          "pattern": [
            [
              "X"
            ],
            [
              "Y"
            ],
            [
              "0"
            ]
          ],
          "mapping": {
            "X": "tfc:crop/soybean[age=1]",
            "Y": "tfc:farmland/loam"
          }
        },
        {
          "pattern": [
            [
              "X"
            ],
            [
              "Y"
            ],
            [
              "0"
            ]
          ],
          "mapping": {
            "X": "tfc:crop/soybean[age=2]",
            "Y": "tfc:farmland/loam"
          }
        },
        {
          "pattern": [
            [
              "X"
            ],
            [
              "Y"
            ],
            [
              "0"
            ]
          ],
          "mapping": {
            "X": "tfc:crop/soybean[age=3]",
            "Y": "tfc:farmland/loam"
          }
        },
        {
          "pattern": [
            [
              "X"
            ],
            [
              "Y"
            ],
            [
              "0"
            ]
          ],
          "mapping": {
            "X": "tfc:crop/soybean[age=4]",
            "Y": "tfc:farmland/loam"
          }
        },
        {
          "pattern": [
            [
              "X"
            ],
            [
              "Y"
            ],
            [
              "0"
            ]
          ],
          "mapping": {
            "X": "tfc:crop/soybean[age=5]",
            "Y": "tfc:farmland/loam"
          }
        },
        {
          "pattern": [
            [
              "X"
            ],
            [
              "Y"
            ],
            [
              "0"
            ]
          ],
          "mapping": {
            "X": "tfc:crop/soybean[age=6]",
            "Y": "tfc:farmland/loam"
          }
        }
      ]
    },
    {
      "type": "patchouli:text",
      "anchor": "squash",
      "text": "$(bold)$(l:the_world/climate#temperature)Температура$(): 5 - 33 °C$(br)$(bold)$(l:mechanics/hydration)Увлажненность$(): 23 - 95 %$(br)$(bold)Питательное вещество$(): Калий$(br2)Кабачок - это одноблочная культура. Семена тыквы можно посадить на пашне, и они дадут $(thing)Кабачок$() и $(thing)Семена кабачка$() в качестве продукта.",
      "title": "Кабачок"
    },
    {
      "type": "tfc:multimultiblock",
      "text": "",
      "multiblocks": [
        {
          "pattern": [
            [
              "X"
            ],
            [
              "Y"
            ],
            [
              "0"
            ]
          ],
          "mapping": {
            "X": "tfc:crop/squash[age=0]",
            "Y": "tfc:farmland/loam"
          }
        },
        {
          "pattern": [
            [
              "X"
            ],
            [
              "Y"
            ],
            [
              "0"
            ]
          ],
          "mapping": {
            "X": "tfc:crop/squash[age=1]",
            "Y": "tfc:farmland/loam"
          }
        },
        {
          "pattern": [
            [
              "X"
            ],
            [
              "Y"
            ],
            [
              "0"
            ]
          ],
          "mapping": {
            "X": "tfc:crop/squash[age=2]",
            "Y": "tfc:farmland/loam"
          }
        },
        {
          "pattern": [
            [
              "X"
            ],
            [
              "Y"
            ],
            [
              "0"
            ]
          ],
          "mapping": {
            "X": "tfc:crop/squash[age=3]",
            "Y": "tfc:farmland/loam"
          }
        },
        {
          "pattern": [
            [
              "X"
            ],
            [
              "Y"
            ],
            [
              "0"
            ]
          ],
          "mapping": {
            "X": "tfc:crop/squash[age=4]",
            "Y": "tfc:farmland/loam"
          }
        },
        {
          "pattern": [
            [
              "X"
            ],
            [
              "Y"
            ],
            [
              "0"
            ]
          ],
          "mapping": {
            "X": "tfc:crop/squash[age=5]",
            "Y": "tfc:farmland/loam"
          }
        },
        {
          "pattern": [
            [
              "X"
            ],
            [
              "Y"
            ],
            [
              "0"
            ]
          ],
          "mapping": {
            "X": "tfc:crop/squash[age=6]",
            "Y": "tfc:farmland/loam"
          }
        },
        {
          "pattern": [
            [
              "X"
            ],
            [
              "Y"
            ],
            [
              "0"
            ]
          ],
          "mapping": {
            "X": "tfc:crop/squash[age=7]",
            "Y": "tfc:farmland/loam"
          }
        }
      ]
    },
    {
      "type": "patchouli:text",
      "anchor": "sugarcane",
      "text": "$(bold)$(l:the_world/climate#temperature)Температура$(): 12 - 38 °C$(br)$(bold)$(l:mechanics/hydration)Увлажненность$(): 40 - 100 %$(br)$(bold)Питательное вещество$(): Калий$(br2)Сахарный тростник - это двухблочная культура. Семена сахарного тростника можно посадить на пашне, они вырастут в два блока в высоту и дадут $(thing)Сахарный тростник$() и $(thing)Семена сахарного тростника$() в качестве продукта. Сахарный тростник можно использовать для производства $(thing)Сахара$().",
      "title": "Сахарный тростник"
    },
    {
      "type": "tfc:multimultiblock",
      "text": "",
      "multiblocks": [
        {
          "pattern": [
            [
              "X"
            ],
            [
              "Y"
            ],
            [
              "Z"
            ],
            [
              "0"
            ]
          ],
          "mapping": {
            "X": "minecraft:air",
            "Y": "tfc:crop/sugarcane[age=0,part=bottom]",
            "Z": "tfc:farmland/loam"
          }
        },
        {
          "pattern": [
            [
              "X"
            ],
            [
              "Y"
            ],
            [
              "Z"
            ],
            [
              "0"
            ]
          ],
          "mapping": {
            "X": "minecraft:air",
            "Y": "tfc:crop/sugarcane[age=1,part=bottom]",
            "Z": "tfc:farmland/loam"
          }
        },
        {
          "pattern": [
            [
              "X"
            ],
            [
              "Y"
            ],
            [
              "Z"
            ],
            [
              "0"
            ]
          ],
          "mapping": {
            "X": "minecraft:air",
            "Y": "tfc:crop/sugarcane[age=2,part=bottom]",
            "Z": "tfc:farmland/loam"
          }
        },
        {
          "pattern": [
            [
              "X"
            ],
            [
              "Y"
            ],
            [
              "Z"
            ],
            [
              "0"
            ]
          ],
          "mapping": {
            "X": "minecraft:air",
            "Y": "tfc:crop/sugarcane[age=3,part=bottom]",
            "Z": "tfc:farmland/loam"
          }
        },
        {
          "pattern": [
            [
              "X"
            ],
            [
              "Y"
            ],
            [
              "Z"
            ],
            [
              "0"
            ]
          ],
          "mapping": {
            "X": "tfc:crop/sugarcane[age=4,part=top]",
            "Y": "tfc:crop/sugarcane[age=4,part=bottom]",
            "Z": "tfc:farmland/loam"
          }
        },
        {
          "pattern": [
            [
              "X"
            ],
            [
              "Y"
            ],
            [
              "Z"
            ],
            [
              "0"
            ]
          ],
          "mapping": {
            "X": "tfc:crop/sugarcane[age=5,part=top]",
            "Y": "tfc:crop/sugarcane[age=5,part=bottom]",
            "Z": "tfc:farmland/loam"
          }
        },
        {
          "pattern": [
            [
              "X"
            ],
            [
              "Y"
            ],
            [
              "Z"
            ],
            [
              "0"
            ]
          ],
          "mapping": {
            "X": "tfc:crop/sugarcane[age=6,part=top]",
            "Y": "tfc:crop/sugarcane[age=6,part=bottom]",
            "Z": "tfc:farmland/loam"
          }
        },
        {
          "pattern": [
            [
              "X"
            ],
            [
              "Y"
            ],
            [
              "Z"
            ],
            [
              "0"
            ]
          ],
          "mapping": {
            "X": "tfc:crop/sugarcane[age=7,part=top]",
            "Y": "tfc:crop/sugarcane[age=7,part=bottom]",
            "Z": "tfc:farmland/loam"
          }
        }
      ]
    },
    {
      "type": "patchouli:text",
      "anchor": "tomatoes",
      "text": "$(bold)$(l:the_world/climate#temperature)Температура$(): 0 - 36 °C$(br)$(bold)$(l:mechanics/hydration)Увлажненность$(): 30 - 95 %$(br)$(bold)Питательное вещество$(): Калий$(br2)Помидоры - это вьющаяся культура высотой в два блока. Семена помидоров можно посадить на пашне, они вырастут в два блока в высоту, если присутствует палка, и дадут $(thing)Помидоры$() и $(thing)Семена помидоров$() в качестве продукта.",
      "title": "Помидоры"
    },
    {
      "type": "tfc:multimultiblock",
      "text": "Для полного роста культуры требуется палка.",
      "multiblocks": [
        {
          "pattern": [
            [
              "X"
            ],
            [
              "Y"
            ],
            [
              "Z"
            ],
            [
              "0"
            ]
          ],
          "mapping": {
            "X": "tfc:crop/tomato[age=0,part=top,stick=true]",
            "Y": "tfc:crop/tomato[age=0,part=bottom,stick=true]",
            "Z": "tfc:farmland/loam"
          }
        },
        {
          "pattern": [
            [
              "X"
            ],
            [
              "Y"
            ],
            [
              "Z"
            ],
            [
              "0"
            ]
          ],
          "mapping": {
            "X": "tfc:crop/tomato[age=1,part=top,stick=true]",
            "Y": "tfc:crop/tomato[age=1,part=bottom,stick=true]",
            "Z": "tfc:farmland/loam"
          }
        },
        {
          "pattern": [
            [
              "X"
            ],
            [
              "Y"
            ],
            [
              "Z"
            ],
            [
              "0"
            ]
          ],
          "mapping": {
            "X": "tfc:crop/tomato[age=2,part=top,stick=true]",
            "Y": "tfc:crop/tomato[age=2,part=bottom,stick=true]",
            "Z": "tfc:farmland/loam"
          }
        },
        {
          "pattern": [
            [
              "X"
            ],
            [
              "Y"
            ],
            [
              "Z"
            ],
            [
              "0"
            ]
          ],
          "mapping": {
            "X": "tfc:crop/tomato[age=3,part=top,stick=true]",
            "Y": "tfc:crop/tomato[age=3,part=bottom,stick=true]",
            "Z": "tfc:farmland/loam"
          }
        },
        {
          "pattern": [
            [
              "X"
            ],
            [
              "Y"
            ],
            [
              "Z"
            ],
            [
              "0"
            ]
          ],
          "mapping": {
            "X": "tfc:crop/tomato[age=4,part=top,stick=true]",
            "Y": "tfc:crop/tomato[age=4,part=bottom,stick=true]",
            "Z": "tfc:farmland/loam"
          }
        },
        {
          "pattern": [
            [
              "X"
            ],
            [
              "Y"
            ],
            [
              "Z"
            ],
            [
              "0"
            ]
          ],
          "mapping": {
            "X": "tfc:crop/tomato[age=5,part=top,stick=true]",
            "Y": "tfc:crop/tomato[age=5,part=bottom,stick=true]",
            "Z": "tfc:farmland/loam"
          }
        },
        {
          "pattern": [
            [
              "X"
            ],
            [
              "Y"
            ],
            [
              "Z"
            ],
            [
              "0"
            ]
          ],
          "mapping": {
            "X": "tfc:crop/tomato[age=6,part=top,stick=true]",
            "Y": "tfc:crop/tomato[age=6,part=bottom,stick=true]",
            "Z": "tfc:farmland/loam"
          }
        },
        {
          "pattern": [
            [
              "X"
            ],
            [
              "Y"
            ],
            [
              "Z"
            ],
            [
              "0"
            ]
          ],
          "mapping": {
            "X": "tfc:crop/tomato[age=7,part=top,stick=true]",
            "Y": "tfc:crop/tomato[age=7,part=bottom,stick=true]",
            "Z": "tfc:farmland/loam"
          }
        }
      ]
    },
    {
      "type": "patchouli:text",
      "anchor": "jute",
      "text": "$(bold)$(l:the_world/climate#temperature)Температура$(): 5 - 37 °C$(br)$(bold)$(l:mechanics/hydration)Увлажненность$(): 25 - 100 %$(br)$(bold)Питательное вещество$(): Калий$(br2)Джут - это двухблочная культура. Семена джута можно посадить на пашне, они вырастут в два блока в высоту и дадут $(thing)Джут$() и $(thing)Семена джута$() в качестве продукта.",
      "title": "Джут"
    },
    {
      "type": "tfc:multimultiblock",
      "text": "",
      "multiblocks": [
        {
          "pattern": [
            [
              "X"
            ],
            [
              "Y"
            ],
            [
              "Z"
            ],
            [
              "0"
            ]
          ],
          "mapping": {
            "X": "minecraft:air",
            "Y": "tfc:crop/jute[age=0,part=bottom]",
            "Z": "tfc:farmland/loam"
          }
        },
        {
          "pattern": [
            [
              "X"
            ],
            [
              "Y"
            ],
            [
              "Z"
            ],
            [
              "0"
            ]
          ],
          "mapping": {
            "X": "minecraft:air",
            "Y": "tfc:crop/jute[age=1,part=bottom]",
            "Z": "tfc:farmland/loam"
          }
        },
        {
          "pattern": [
            [
              "X"
            ],
            [
              "Y"
            ],
            [
              "Z"
            ],
            [
              "0"
            ]
          ],
          "mapping": {
            "X": "minecraft:air",
            "Y": "tfc:crop/jute[age=2,part=bottom]",
            "Z": "tfc:farmland/loam"
          }
        },
        {
          "pattern": [
            [
              "X"
            ],
            [
              "Y"
            ],
            [
              "Z"
            ],
            [
              "0"
            ]
          ],
          "mapping": {
            "X": "tfc:crop/jute[age=3,part=top]",
            "Y": "tfc:crop/jute[age=3,part=bottom]",
            "Z": "tfc:farmland/loam"
          }
        },
        {
          "pattern": [
            [
              "X"
            ],
            [
              "Y"
            ],
            [
              "Z"
            ],
            [
              "0"
            ]
          ],
          "mapping": {
            "X": "tfc:crop/jute[age=4,part=top]",
            "Y": "tfc:crop/jute[age=4,part=bottom]",
            "Z": "tfc:farmland/loam"
          }
        },
        {
          "pattern": [
            [
              "X"
            ],
            [
              "Y"
            ],
            [
              "Z"
            ],
            [
              "0"
            ]
          ],
          "mapping": {
            "X": "tfc:crop/jute[age=5,part=top]",
            "Y": "tfc:crop/jute[age=5,part=bottom]",
            "Z": "tfc:farmland/loam"
          }
        }
      ]
    },
    {
      "type": "patchouli:text",
      "anchor": "papyrus",
      "text": "$(bold)$(l:the_world/climate#temperature)Температура$(): 19 - 37 °C$(br)$(bold)$(l:mechanics/hydration)Увлажненность$(): 70 - 100 %$(br)$(bold)Питательное вещество$(): Калий$(br2)Папирус - это двухблочная культура. Семена папируса можно посадить на пашне, они вырастут в два блока в вы",
      "title": "Папирус"
    },
    {
      "type": "tfc:multimultiblock",
      "text": "",
      "multiblocks": [
        {
          "pattern": [
            [
              "X"
            ],
            [
              "Y"
            ],
            [
              "Z"
            ],
            [
              "0"
            ]
          ],
          "mapping": {
            "X": "minecraft:air",
            "Y": "tfc:crop/papyrus[age=0,part=bottom]",
            "Z": "tfc:farmland/loam"
          }
        },
        {
          "pattern": [
            [
              "X"
            ],
            [
              "Y"
            ],
            [
              "Z"
            ],
            [
              "0"
            ]
          ],
          "mapping": {
            "X": "minecraft:air",
            "Y": "tfc:crop/papyrus[age=1,part=bottom]",
            "Z": "tfc:farmland/loam"
          }
        },
        {
          "pattern": [
            [
              "X"
            ],
            [
              "Y"
            ],
            [
              "Z"
            ],
            [
              "0"
            ]
          ],
          "mapping": {
            "X": "minecraft:air",
            "Y": "tfc:crop/papyrus[age=2,part=bottom]",
            "Z": "tfc:farmland/loam"
          }
        },
        {
          "pattern": [
            [
              "X"
            ],
            [
              "Y"
            ],
            [
              "Z"
            ],
            [
              "0"
            ]
          ],
          "mapping": {
            "X": "tfc:crop/papyrus[age=3,part=top]",
            "Y": "tfc:crop/papyrus[age=3,part=bottom]",
            "Z": "tfc:farmland/loam"
          }
        },
        {
          "pattern": [
            [
              "X"
            ],
            [
              "Y"
            ],
            [
              "Z"
            ],
            [
              "0"
            ]
          ],
          "mapping": {
            "X": "tfc:crop/papyrus[age=4,part=top]",
            "Y": "tfc:crop/papyrus[age=4,part=bottom]",
            "Z": "tfc:farmland/loam"
          }
        },
        {
          "pattern": [
            [
              "X"
            ],
            [
              "Y"
            ],
            [
              "Z"
            ],
            [
              "0"
            ]
          ],
          "mapping": {
            "X": "tfc:crop/papyrus[age=5,part=top]",
            "Y": "tfc:crop/papyrus[age=5,part=bottom]",
            "Z": "tfc:farmland/loam"
          }
        }
      ]
    }
  ],
  "read_by_default": true,
  "extra_recipe_mappings": {
    "tfc:seeds/barley": 6,
    "tfc:food/barley": 6,
    "tfc:seeds/oat": 8,
    "tfc:food/oat": 8,
    "tfc:seeds/rye": 10,
    "tfc:food/rye": 10,
    "tfc:seeds/maize": 12,
    "tfc:food/maize": 12,
    "tfc:seeds/wheat": 14,
    "tfc:food/wheat": 14,
    "tfc:seeds/rice": 16,
    "tfc:food/rice": 16,
    "tfc:seeds/beet": 18,
    "tfc:food/beet": 18,
    "tfc:seeds/cabbage": 20,
    "tfc:food/cabbage": 20,
    "tfc:seeds/carrot": 22,
    "tfc:food/carrot": 22,
    "tfc:seeds/garlic": 24,
    "tfc:food/garlic": 24,
    "tfc:seeds/green_bean": 26,
    "tfc:food/green_bean": 26,
    "tfc:seeds/potato": 28,
    "tfc:food/potato": 28,
    "tfc:seeds/pumpkin": 30,
    "tfc:seeds/melon": 32,
    "tfc:seeds/red_bell_pepper": 34,
    "tfc:seeds/yellow_bell_pepper": 36,
    "tfc:seeds/onion": 38,
    "tfc:food/onion": 38,
    "tfc:seeds/soybean": 40,
    "tfc:food/soybean": 40,
    "tfc:seeds/squash": 42,
    "tfc:food/squash": 42,
    "tfc:seeds/sugarcane": 44,
    "tfc:food/sugarcane": 44,
    "tfc:seeds/tomato": 46,
    "tfc:food/tomato": 46,
    "tfc:seeds/jute": 48,
    "tfc:jute": 48,
    "tfc:seeds/papyrus": 50,
    "tfc:papyrus": 50
  }
}