{
  "__comment__": "This file was automatically created by mcresources",
  "name": "Тигель",
  "category": "tfc:mechanics",
  "icon": "tfc:crucible",
  "pages": [
    {
      "type": "patchouli:text",
      "text": "$(thing)Тигель$() - это продвинутое устройство, используемое для создания $(l:mechanics/crucible#advanced_alloying)Сплавов$(). Это более точный метод, чем использование $(l:getting_started/primitive_alloys)Малого сосуда$() для изготовления сплавов.$(br2)Чтобы получить тигель, сначала вам нужно будет получить некоторое количество $(l:mechanics/fire_clay)Огнеупорной глины$(), которая является более прочным материалом, чем обычная глина. Из этой огнеупорной глины затем можно выколотить $()необожженный тигель$()."
    },
    {
      "type": "tfc:knapping_recipe",
      "recipe": "tfc:fire_clay_knapping/crucible",
      "text": "Лепка $(thing)необожженного тигля$()."
    },
    {
      "type": "tfc:heat_recipe",
      "recipe": "tfc:heating/crucible",
      "text": "После того как тигель выколочен, его необходимо $(thing)обжечь$(), как любой керамический предмет - подойдет $(l:getting_started/pit_kiln)Ямочная печь$() или $(l:mechanics/charcoal_forge)Угольная кузница$().$(br2)Чтобы использовать тигель, ему нужен источник тепла. Тигель можно нагревать любым нагреваемым блоком снизу, обычно это $(l:mechanics/charcoal_forge)Угольная кузница$()"
    },
    {
      "type": "patchouli:multiblock",
      "multiblock": {
        "pattern": [
          [
            "   ",
            " C ",
            "   "
          ],
          [
            "GGG",
            "G0G",
            "GGG"
          ]
        ],
        "mapping": {
          "C": "tfc:crucible",
          "0": "tfc:charcoal_forge[heat_level=7]",
          "G": "tfc:rock/bricks/granite"
        }
      },
      "name": "",
      "text": "Тигель, нагреваемый угольной кузницей снизу.",
      "enable_visualize": false
    },
    {
      "type": "patchouli:text",
      "anchor": "advanced_alloying",
      "text": "Теперь вы готовы использовать тигель. Когда вы его используете, вы увидите $(thing)Интерфейс тигля$(), показанный справа. Верхняя часть показывает текущее содержание металла в тигле. Первый показанный металл - это то, что будет произведено, если его извлечь прямо сейчас. Другие показанные металлы - это состав текущего сплава в тигле.",
      "title": "Продвинутое сплавление"
    },
    {
      "type": "patchouli:image",
      "images": [
        "tfc:textures/gui/book/gui/crucible.png"
      ],
      "text": "Интерфейс тигля",
      "border": false
    },
    {
      "type": "patchouli:text",
      "text": "Тигель имеет девять слотов, куда можно добавлять предметы для плавления, и их расплавленное содержимое будет напрямую добавлено в тигель. Контейнеры для расплавленного металла, такие как $(l:getting_started/pottery#mold)Формы$(), также могут быть помещены сюда, и они будут медленно опустошаться в тигель, позволяя точно контролировать содержание вашего сплава. Удерживая $(item)$(k:key.sneak)$() при наведении на опустошающуюся форму или сосуд, можно ускорить их опустошение. $(br2)Формы или другие контейнеры для жидкости также могут быть помещены в выходной слот и будут медленно наполняться текущим содержимым тигля."
    },
    {
      "type": "patchouli:text",
      "text": "Индикатор температуры слева будет подниматься в зависимости от внешних источников тепла, таких как $(l:mechanics/charcoal_forge)Угольная кузница$() снизу или тепло от $(l:mechanics/blast_furnace)Доменной печи$() сверху. Металл можно извлекать из тигля, пока он остается расплавленным.$(br2)Наконец, тигель сохранит свое содержимое при разрушении, позволяя вам транспортировать контейнер со сплавом, если вы хотите."
    }
  ],
  "read_by_default": true,
  "extra_recipe_mappings": {
    "tfc:ceramic/unfired_crucible": 1,
    "tfc:crucible": 2
  }
}