{
  "__comment__": "This file was automatically created by mcresources",
  "name": "Типы урона",
  "category": "tfc:mechanics",
  "icon": "tfc:metal/sword/red_steel",
  "pages": [
    {
      "type": "patchouli:text",
      "text": "$(thing)Физические типы урона$() описывают природу урона, который может быть нанесен игроками и мобами. Существует три типа: $(thing)Проникающий$(), $(thing)Режущий$() и $(thing)Дробящий$(). Некоторые сущности могут сопротивляться определенным типам урона, делая их убийство трудным или невозможным определенными методами."
    },
    {
      "type": "patchouli:text",
      "text": "$(thing)Проникающий$() урон наносится острыми оружиями, такими как $(thing)Ножи$(), снарядами, такими как $(thing)Стрелы$() и $(thing)Дротики$(), клыкастыми монстрами, такими как $(thing)Пауки$(), и $(l:the_world/flora#cacti)Кактусами$(). $(thing)Скелеты$() невосприимчивы к проникающему урону, а $(thing)Зомби$() слегка уязвимы к нему.",
      "title": "Проникающий"
    },
    {
      "type": "patchouli:text",
      "text": "$(thing)Режущий$() урон наносится оружием с длинными острыми краями, такими как $(thing)Топоры$() и $(thing)Мечи$(), а также крупными $(l:the_world/wild_animals#predators)Хищниками$(), такими как медведи и пумы. $(thing)Криперы$() уязвимы к режущему урону.",
      "title": "Режущий"
    },
    {
      "type": "patchouli:text",
      "text": "$(thing)Дробящий$() урон наносится тупым оружием, таким как $(thing)Молоты$() и $(thing)Булавы$(). $(thing)Зомби$() наносят дробящий урон и в некоторой степени устойчивы к нему. $(thing)Криперы$() также сопротивляются некоторому дробящему урону$(). $(thing)Скелеты$() уязвимы к нему.",
      "title": "Дробящий"
    },
    {
      "type": "patchouli:text",
      "anchor": "armor",
      "text": "$(l:mechanics/armor)Броня$() имеет свой набор сопротивлений урону. Эти сопротивления изменяются в зависимости от качества брони, но могут отличаться среди брони одного и того же уровня. Среди бронз $(thing)висмутовая бронза$() лучше всего сопротивляется $(thing)Дробящему$() урону, $(thing)Черная бронза$() лучше всего сопротивляется $(thing)Проникающему$() урону, а обычная $(thing)Бронза$() неплохо справляется с любым уроном."
    },
    {
      "type": "patchouli:text",
      "text": "Для $(thing)Цветной стали$(), $(thing)Синяя сталь$() лучше сопротивляется $(thing)Дробящему$() урону, в то время как $(thing)Красная сталь$() лучше сопротивляется $(thing)Проникающему$() урону."
    }
  ],
  "read_by_default": true
}