{
  "__comment__": "This file was automatically created by mcresources",
  "name": "Красители",
  "category": "tfc:mechanics",
  "icon": "minecraft:red_dye",
  "pages": [
    {
      "type": "patchouli:text",
      "text": "Все 16 стандартных $(thing)Цветов красителей$() можно получить в виде предметов. Большинство цветов и других цветных растений можно измельчить в краситель с помощью $(l:mechanics/quern)Жернова$(). Порошки $(l:the_world/ores_and_minerals)металлических руд$() можно напрямую превратить в краситель. $(l:the_world/ores_and_minerals#graphite)Графит$(), $(l:the_world/ores_and_minerals#kaolinite)каолинит$(), $(l:the_world/ores_and_minerals#sylvite)Сильвит$(), $(l:the_world/ores_and_minerals#lapis_lazuli)лазурит$(), Кокс и порошок угля также можно превратить в краситель."
    },
    {
      "type": "patchouli:spotlight",
      "item": "tfc:bucket/red_dye",
      "title": "Жидкие красители",
      "link_recipes": false,
      "text": "Красители также можно превратить в жидкости. Предмет красителя и 1000мБ $(item)Воды$(), вскипяченные в $(l:mechanics/pot)Котле$(), дают такое же количество $(thing)Жидкого красителя$(). Жидкие красители используются в $(l:mechanics/barrels)Бочках$() для окрашивания предметов."
    },
    {
      "type": "tfc:sealed_barrel_recipe",
      "recipe": "tfc:barrel/dye/red_concrete_powder",
      "text": "Окрашивание предметов в бочке обходится дешевле, чем использование предметов, требуя всего 25мБ окрашенной жидкости."
    },
    {
      "type": "tfc:sealed_barrel_recipe",
      "recipe": "tfc:barrel/dye/disc_chirp",
      "text": "Жидкие красители можно использовать для финишной обработки $(item)Музыкальных дисков$()."
    },
    {
      "type": "tfc:sealed_barrel_recipe",
      "recipe": "tfc:barrel/dye/red_leather",
      "text": "Жидкие красители даже могут красить кожу, как если бы она была изготовлена!"
    },
    {
      "type": "tfc:sealed_barrel_recipe",
      "anchor": "lye",
      "recipe": "tfc:barrel/dye/bleach_concrete_powder",
      "text": "Пять единиц $(item)Древесной золы$() и 1000мБ $(item)Воды$(), вскипяченные в $(l:mechanics/pot)Котле$(), дают щелок. 25мБ Щелока удаляют цвет с окрашенного предмета."
    },
    {
      "type": "patchouli:text",
      "text": "$(li)$(item)Черный краситель$() используется для $(l:mechanics/scribing_table)Столов для письма$().$(li)$(item)Красный краситель$() используется для $(l:mechanics/powderkegs)Пороховых бочек$(). $(li)Необожженные $(l:mechanics/decay#small_vessels)Малые сосуды$() и $(l:mechanics/decay#large_vessels)Большие сосуды$() могут быть окрашены$().",
      "title": "Разное"
    }
  ],
  "read_by_default": true
}