{
  "__comment__": "This file was automatically created by mcresources",
  "name": "Огнеупорная глина",
  "category": "tfc:mechanics",
  "icon": "tfc:fire_clay",
  "pages": [
    {
      "type": "patchouli:text",
      "text": "Список применений огнеупорной глины невелик, но все они важны. Огнеупорная глина - это усиленный вариант глины, обладающий лучшей теплостойкостью. Она используется для изготовления предметов, которые должны сильно нагреваться!"
    },
    {
      "type": "patchouli:crafting",
      "recipe": "tfc:crafting/fire_clay",
      "text": "Огнеупорная глина изготавливается из порошка $(l:the_world/ores_and_minerals#graphite)графита$(), измельченного в $(l:mechanics/quern)жернове$(), а также порошка $(l:the_world/ores_and_minerals#kaolinite)каолинита$()"
    },
    {
      "type": "tfc:heat_recipe",
      "recipe": "tfc:heating/kaolin_clay",
      "text": "Порошок каолинита получают путем нагревания $(l:the_world/ores_and_minerals#kaolinite)каолиновой глины$(). Однако процесс не идеален, и только 20%% глины превращается в порошок!"
    },
    {
      "type": "tfc:knapping_recipe",
      "anchor": "crucible",
      "recipe": "tfc:fire_clay_knapping/crucible",
      "text": "$(l:mechanics/crucible)Тигель$() в необожженном состоянии изготавливается из огнеупорной глины."
    },
    {
      "type": "tfc:knapping_recipe",
      "anchor": "fire_bricks",
      "recipe": "tfc:fire_clay_knapping/brick",
      "text": "$(l:mechanics/blast_furnace)Доменная печь$() принимает только огнеупорные кирпичи в качестве изоляции."
    },
    {
      "type": "tfc:knapping_recipe",
      "recipe": "tfc:fire_clay_knapping/fire_ingot_mold",
      "text": "$(thing)Формы для слитков из огнеупорной глины$() - это более прочный тип $(l:getting_started/pottery#mold)Формы для слитков$(), у которых всего лишь 1 шанс из 100 на поломку, в отличие от 1 шанса из 10 у обычной формы для слитков."
    }
  ],
  "read_by_default": true
}