{
  "__comment__": "This file was automatically created by mcresources",
  "name": "Рыбалка",
  "category": "tfc:mechanics",
  "icon": "tfc:metal/fishing_rod/copper",
  "pages": [
    {
      "type": "patchouli:text",
      "text": "$(thing)Рыбалка$() - это способ охоты на рыб, плавающих в реках, озерах и океанах. Удочки должны быть заброшены и заманены. Рыбы пытаются съесть наживку, и иногда это им удается. Поднять рыбу на поверхность - это работа, которая становится легче с крючками высшего уровня."
    },
    {
      "type": "tfc:anvil_recipe",
      "recipe": "tfc:anvil/bismuth_bronze_fish_hook",
      "text": "Сначала вы должны выковать рыболовный крючок на $(l:mechanics/anvils)Наковальне$()."
    },
    {
      "type": "patchouli:crafting",
      "recipe": "tfc:crafting/metal/fishing_rod/bismuth_bronze",
      "title": "Удочка",
      "text": "Удочка изготавливается с рыболовным крючком."
    },
    {
      "type": "patchouli:text",
      "text": "Удочки бесполезны без наживки. Наживку можно добавить к удочкам на верстаке. Чтобы поймать обычную рыбу, вам нужны $(thing)Семена$() или $(thing)Моллюски$(). Чтобы поймать крупную рыбу, такую как $(thing)Дельфины$() и $(thing)Косатки$(), вам нужны $(item)треска$(), $(item)лосось$(), $(item)тропическая рыба$(), или $(item)синежабры$()."
    },
    {
      "type": "patchouli:text",
      "text": "Чтобы выпустить поплавок, $(item)$(k:key.use)$(). Ждите, пока рыба заметит крючок и укусит его. Затем $(item)$(k:key.use)$(), чтобы подтянуть её. При этом на вашей панели инструментов будет заполняться индикатор. Тяните слишком быстро, и рыба уйдет вместе с наживкой. Каждый раз, когда вы ловите рыбу, у рыбы есть шанс съесть наживку. Чтобы поймать рыбу, подтяните её на берег и убейте инструментом. Вы можете держать удочку в свободной руке, чтобы это было проще."
    },
    {
      "type": "patchouli:image",
      "images": [
        "tfc:textures/gui/book/tutorial/fishing.png"
      ],
      "text": "Панель рыбалки заменяет панель опыта, когда активна.",
      "border": true
    }
  ],
  "read_by_default": true,
  "extra_recipe_mappings": {
    "tag:forge:fishing_rods": 0
  }
}