{
  "__comment__": "This file was automatically created by mcresources",
  "name": "Драгоценные камни",
  "category": "tfc:mechanics",
  "icon": "tfc:gem/opal",
  "pages": [
    {
      "type": "patchouli:text",
      "text": "Драгоценные камни - это вид минералов, которые встречаются в различных местах, таких как $(thing)под реками$() и в $(l:the_world/geology)Вулканах$(). Для информации о точных условиях смотрите $(l:the_world/ores_and_minerals)главу о рудах и минералах$()."
    },
    {
      "type": "patchouli:spotlight",
      "item": "tag:tfc:gem_powders",
      "link_recipes": false,
      "text": "Драгоценные камни можно измельчить в порошок с помощью $(l:mechanics/quern)Жернова$(). Порошки из драгоценных камней особенно полезны в $(l:mechanics/glassworking_applications#coloring)Окрашивании стекла$()."
    },
    {
      "type": "patchouli:text",
      "text": "Через $(l:mechanics/sluices)промывку в желобе$() и $(l:mechanics/panning)промывку в лотке$() можно получить $(thing)огранённые драгоценные камни$(). Камень, который можно получить с помощью промывки, зависит от типа руды обрабатываемого месторождения."
    },
    {
      "type": "patchouli:text",
      "text": "Драгоценные камни имеют более высокое значение $(thing)твёрдости$() по сравнению с обычной рудой, требуя инструменты большей прочности для их добычи. Вот минимальный уровень $(thing)кирки$(), необходимый для добычи блока руды драгоценного камня:$(br)$(li)Аметист: Сталь$(li)Алмаз: Чёрная сталь$(li)Изумруд: Сталь$(li)Лазурит: Бронза$(li)Опал: Бронза$(li)Пирит: Медь$(li)Рубин: Чёрная сталь$(li)Сапфир: Чёрная сталь$(li)Топаз: Сталь"
    },
    {
      "type": "patchouli:text",
      "text": "Чтобы огранить драгоценный камень, вы должны создать $(thing)наждачную бумагу$(). Наждачная бумага изготавливается из черного песка, флюса, клея, любого порошка драгоценного камня и бумаги. Создание необработанного камня с наждачной бумагой огранит камень."
    },
    {
      "type": "patchouli:crafting",
      "recipe": "tfc:crafting/sandpaper"
    }
  ],
  "read_by_default": true
}