{
  "__comment__": "This file was automatically created by mcresources",
  "name": "Нагревание",
  "category": "tfc:mechanics",
  "icon": "tfc:textures/gui/book/icons/heating.png",
  "pages": [
    {
      "type": "patchouli:text",
      "text": "Нагревание предметов — это способ преобразования одного предмета в другой или предмета в жидкость. Предметы можно нагревать разными способами — в $(l:getting_started/firepit)Кострище$(), $(l:getting_started/pit_kiln)Ямочной печи$() или $(l:mechanics/charcoal_forge)Угольной кузнице$(), чтобы назвать некоторые. Однако все они работают одинаково. Когда вы помещаете предметы в эти устройства, предметы постепенно начинают нагреваться. Это видно на всплывающей подсказке предмета."
    },
    {
      "type": "patchouli:text",
      "text": "Температура предмета обозначается цветом, который будет меняться через следующие значения: $(br2)$(7)$(bold)Теплеет$(): 1 - 80 °C$(br)$(7)$(bold)Горячий$(): 80 - 210 °C$(br)$(7)$(bold)Очень горячий$(): 210 - 480 °C$(br)$(4)$(bold)Начинает краснеть$(): 480 - 580 °C$(br)$(bold)$(4)Тёмно-красный$(): 580 - 730 °C$(br)$(c)$(bold)Ярко-красный$(): 730 - 930 °C$(br)$(6)$(bold)Оранжевый$(): 930 - 1100 °C$(br)$(e)$(bold)$(t: Yellow)Жёлтый$(): 1100 - 1300 °C$(br)$(e)$(t: Yellow White)$(bold)Светло-жёлтый$(): 1300 - 1400 °C$(br)$(d)$(bold)$(t: White)Белый$(): 1400 - 1500 °C$(br)$(d)$(bold)$(t: Brilliant White)Сияюще-белый$(): >1500 °C"
    }
  ],
  "read_by_default": true
}