{
  "__comment__": "This file was automatically created by mcresources",
  "name": "Поддержание увлажненности",
  "category": "tfc:mechanics",
  "icon": "tfc:textures/gui/book/icons/hydrated.png",
  "pages": [
    {
      "type": "patchouli:text",
      "text": "Одна из задач при фермерстве - поддержание увлажненности ваших культур. В зависимости от $(l:the_world/climate#rainfall)осадков$() в области, почва может иметь некоторую влажность. Однако этого может быть недостаточно, особенно для особенно водоемких культур.$(br2)Чтобы увидеть увлажненность любого конкретного блока, у вас должен быть в руках $(thing)Мотыга$()."
    },
    {
      "type": "patchouli:text",
      "text": "Затем просто посмотрите на любой блок $(thing)пашни$() или любую культуру, требующую увлажнения. Вы увидите всплывающую подсказку, показывающую текущую увлажненность в процентах от 0% до 100%.$(br2)Увлажненность не может быть уменьшена, кроме как путем перехода в область с меньшим количеством осадков - однако, она может быть увеличена за счет близости к блокам $(thing)воды$(), подобно ванильной пашне."
    }
  ],
  "read_by_default": true
}