{
  "__comment__": "This file was automatically created by mcresources",
  "name": "Заготовка в банках",
  "category": "tfc:mechanics",
  "icon": "tfc:jar/plum",
  "pages": [
    {
      "type": "patchouli:text",
      "text": "$(thing)Банки$() используются для длительного хранения фруктов. Банки начинаются как $(thing)Пустые банки$(), получаемые через $(l:mechanics/glassworking_applications#jar)Стеклодувное искусство$(). Затем, крышка для банки должна быть выкована из $(thing)Олова$(). Соединение их вместе создает $(thing)Пустую банку с крышкой$()."
    },
    {
      "type": "patchouli:text",
      "text": "В кастрюле, кипятите $(thing)Сахар$() с 2-4 кусочками $(thing)Фрукта$(). Когда рецепт готов, $(item)$(k:key.use)$() с пустой банкой с крышкой, чтобы создать $(thing)Запечатанную банку с джемом$(). Запечатанная банка будет долго храниться."
    },
    {
      "type": "patchouli:crafting",
      "recipe": "tfc:crafting/unseal_plum_jar",
      "text": "Открытие банки производится через крафт. Крышку получить обратно нельзя. Открытая банка хранится всего несколько дней!"
    },
    {
      "type": "patchouli:crafting",
      "recipe": "tfc:crafting/barley_sandwich_with_jam_1",
      "text": "Джем используется для приготовления бутербродов. Бутерброды с джемом могут содержать молочные продукты, Приготовленное мясо и джем. Остается $(thing)Пустая банка$()."
    },
    {
      "type": "patchouli:text",
      "text": "Банки могут быть размещены на твердых поверхностях с $(item)$(k:key.use)$(). Блок может содержать четыре банки любого вида."
    },
    {
      "type": "patchouli:crafting",
      "recipe": "tfc:crafting/wood/oak_shelf",
      "text": "$(thing)Полки для банок$() могут быть прикреплены к твердым стенам. Их можно разместить напрямую или щелкнув по существующему блоку размещенных банок. Верх полки для банок считается твердой поверхностью для размещения предметов, больше банок или других блоков."
    }
  ],
  "read_by_default": true
}