{
  "__comment__": "This file was automatically created by mcresources",
  "name": "Механическая энергия",
  "category": "tfc:mechanics",
  "icon": "tfc:wood/water_wheel/oak",
  "pages": [
    {
      "type": "patchouli:text",
      "text": "Механическая энергия - это искусство заставить что-то вращаться или двигаться, используя элементарную силу ветра или воды.$(br2)На практике множество устройств могут быть подключены к сетям механической энергии для автоматизации их движения или для обеспечения энергией других функций."
    },
    {
      "type": "patchouli:text",
      "text": "Чтобы начать использовать механическую энергию, вам сначала понадобится $(thing)Источник$() энергии.$(br2)$(l:mechanics/mechanical_power#windmill)Ветряные мельницы$() - это способ использования ветра. Их можно построить почти везде, где достаточно места.$(br2)$(l:mechanics/mechanical_power#water_wheel)Водяные колеса$() являются немного более мощным источником энергии, так как они используют течение в $(thing)Реках$()"
    },
    {
      "type": "patchouli:text",
      "anchor": "windmill",
      "text": "$(thing)Ветряные мельницы$() - это способ использования силы ветра для вращения $(l:mechanics/mechanical_power#axle)Оси$(). Они большие и требуют полностью свободной области размером 13 x 13 x 1 для установки. Для их создания вам сначала понадобится $(thing)Ось$(), а затем вам понадобится одно или несколько $(thing)Лопастей ветряной мельницы$()",
      "title": "Ветряные мельницы"
    },
    {
      "type": "patchouli:crafting",
      "recipe": "tfc:crafting/windmill_blade",
      "text": "$(thing)Лопасти ветряной мельницы$() можно изготовить из ткани. Одна ветряная мельница может иметь до пяти лопастей, и чем больше лопастей, тем быстрее она будет вращаться."
    },
    {
      "type": "patchouli:text",
      "text": "Чтобы создать ветряную мельницу, сначала установите $(l:mechanics/mechanical_power#axle)Ось$() в любой горизонтальной ориентации. Затем, $(item)$(k:key.use)$() до пяти $(thing)Лопастей ветряной мельницы$() на ось, чтобы создать ветряную мельницу. Она медленно начнет вращаться.$(br2)Ветряная мельница может сломаться, если ось уже подключена к другому источнику, или если недостаточно свободного пространства."
    },
    {
      "type": "patchouli:multiblock",
      "multiblock_id": "tfc:windmill",
      "name": "",
      "text": "",
      "enable_visualize": false
    },
    {
      "type": "patchouli:text",
      "anchor": "water_wheel",
      "text": "$(thing)Водяные колеса$() - это способ использования силы течения воды в $(3)Реках$() для генерации энергии. При оптимальной установке они могут вращаться с одной из самых высоких возможных скоростей.$(br2)Водяное колесо требует пространства размером 5 x 5 x 1 для установки. Обратите внимание, что водяное колесо может сломаться, если вокруг него есть препятствия, ",
      "title": "Водяные колеса"
    },
    {
      "type": "patchouli:crafting",
      "recipe": "tfc:crafting/wood/oak_water_wheel",
      "title": " ",
      "text": "или если ось уже подключена к другому источнику.$(br2)Водяные колеса можно просто изготовить из пиломатериалов."
    },
    {
      "type": "patchouli:text",
      "text": "Чтобы установить $(thing)Водяное колесо$(), просто прикрепите его к концу любой $(thing)Оси$(). Ось должна быть на один или два блока выше источника течения воды, например, реки.$(br2)Вода ниже высоты оси, когда течет, заставит колесо ускориться. Любая вода в другом месте или стоячая вода ниже оси будет мешать движению колеса и заставит его замедлиться или остановиться."
    },
    {
      "type": "patchouli:multiblock",
      "multiblock_id": "tfc:water_wheel",
      "name": "",
      "text": "$(thing)Водяное колесо$()",
      "enable_visualize": false
    },
    {
      "type": "patchouli:crafting",
      "anchor": "axle",
      "recipe": "tfc:crafting/wood/oak_axle",
      "title": "Оси",
      "text": "Оси - это основа вращательной сети и блок, который передает вращательную энергию из одного места в другое. Они могут быть соединены на расстоянии до пяти блоков, но если длиннее - они сломаются!"
    },
    {
      "type": "patchouli:crafting",
      "recipe": "tfc:crafting/wood/oak_encased_axle",
      "title": "Оси в оболочке",
      "text": "Оси также можно изготовить $(thing)В оболочке$(). Их можно установить отдельно или поверх существующих осей.$(br2)Однако, чтобы передать энергию дальше, вам понадобится $(l:mechanics/mechanical_power#gearbox)Коробка передач$()"
    },
    {
      "type": "patchouli:crafting",
      "anchor": "gearbox",
      "recipe": "tfc:crafting/wood/oak_gear_box",
      "title": "Коробка передач",
      "text": "$(thing)Коробки передач$() - это способ изменения $(thing)Направления$() вращательной энергии с использованием $(l:https://ru.wikipedia.org/wiki/%D0%97%D1%83%D0%B1%D1%87%D0%B0%D1%82%D0%BE%D0%B5_%D0%BA%D0%BE%D0%BB%D0%B5%D1%81%D0%BE)Шестерен$(). Они также полезны для соединения длинных цепочек $(l:mechanics/mechanical_power#axle)Осей$() вместе без поломки."
    },
    {
      "type": "patchouli:text",
      "text": "Для использования коробки передач ее стороны должны быть настроены. $(item)$(k:key.use)$() держа в руках $(thing)Молоток$() на любой стороне коробки передач, чтобы включить вход/выход через эту сторону.$(br2)Обратите внимание, что из-за их внутренней структуры, коробки передач могут иметь активные стороны только на двух разных осях вращения одновременно."
    },
    {
      "type": "patchouli:crafting",
      "recipe": "tfc:crafting/wood/oak_clutch",
      "title": "Муфта",
      "text": "$(thing)Муфта$() - это способ управления вращательной сетью с помощью $(c)Редстоуна$(). Это $(l:mechanics/mechanical_power#axle)Ось в оболочке$(), которая отключается при подаче энергии, позволяя вращению проходить только при отключенной энергии."
    },
    {
      "type": "tfc:multimultiblock",
      "text": "Пример использования $(thing)Муфты$().",
      "multiblocks": [
        "tfc:clutch_off",
        "tfc:clutch_on"
      ]
    },
    {
      "type": "patchouli:text",
      "anchor": "quern",
      "text": "Одно из устройств, которое можно подключить к механической сети, - это $(l:mechanics/quern)Жернов$(), просто установив вертикально ориентированную ось над жерновом. Жернов не может быть повернут вручную, пока он подключен, вместо этого он будет автоматически измельчать предметы по мере вращения оси над ним.$(br2)Жернов будет измельчать быстрее, если ось над ним вращается быстрее.",
      "title": "Автоматизация жернова"
    },
    {
      "type": "patchouli:multiblock",
      "multiblock_id": "tfc:rotating_quern",
      "name": "",
      "text": "$(thing)Жернов$(), подключенный к $(l:mechanics/mechanical_power#axle)Оси$().",
      "enable_visualize": false
    },
    {
      "type": "patchouli:text",
      "anchor": "trip_hammer",
      "text": "Другое механическое устройство - это $(thing)Молотильный молот$(). Молотильный молот автоматически выполняет кузнечные работы на $(l:mechanics/anvils)Наковальне$(). Для работы молотильного молота требуется $(thing)Ось с лезвием$(). Ось с лезвием работает как обычная ось, но имеет лезвие, которое используется для активации молота.",
      "title": "Молотильный молот"
    },
    {
      "type": "patchouli:crafting",
      "recipe": "tfc:crafting/wood/oak_bladed_axle",
      "recipe2": "tfc:crafting/trip_hammer"
    },
    {
      "type": "patchouli:multiblock",
      "multiblock": {
        "pattern": [
          [
            "X "
          ],
          [
            "YZ"
          ],
          [
            "0 "
          ]
        ],
        "mapping": {
          "X": "tfc:wood/bladed_axle/oak[axis=x]",
          "Y": "tfc:trip_hammer[facing=north]",
          "Z": "tfc:metal/anvil/copper[facing=west]"
        }
      },
      "name": "",
      "text": "Конструкция для молотильного молота.",
      "enable_visualize": false
    },
    {
      "type": "patchouli:text",
      "text": "Установите молотильный молот под осью и $(item)$(k:key.use)$() чтобы добавить к нему молот. Молот должен быть металлическим. Убедитесь, что молотильный молот ориентирован так, чтобы ось с лезвием толкала рукоятку молота вниз. Тогда молот ударит по наковальне, установленной перед ним. Молотильный молот всегда фиксирует действие $(thing)'Легкий удар'$() и всегда перемещает курсор ближе к цели, не требуя ввода от игрока. Если слиток недостаточно горяч или наковальня неправильного уровня, глубокий звук удара по металлу предупредит вас."
    }
  ],
  "read_by_default": true,
  "extra_recipe_mappings": {
    "tag:tfc:water_wheels": 6,
    "tag:tfc:axles": 10,
    "tag:tfc:gear_boxes": 12,
    "tag:tfc:clutches": 14
  }
}