{
  "__comment__": "This file was automatically created by mcresources",
  "name": "Промывка в лотке",
  "category": "tfc:mechanics",
  "icon": "tfc:textures/gui/book/icons/panning.png",
  "pages": [
    {
      "type": "patchouli:text",
      "text": "$(thing)Промывка в лотке$() — это метод получения маленьких самородков некоторых руд, исследуя реки и другие водоёмы.$(br2)Для промывки используются $(thing)рудные месторождения$(), которые находятся в гравийных залежах на дне озёр и рек.$(br2)Чтобы начать промывку, вам понадобится рудопромывочный лоток."
    },
    {
      "type": "tfc:knapping_recipe",
      "recipe": "tfc:clay_knapping/pan",
      "text": "Глину можно $(l:getting_started/pottery)выколотить$() в лотке, как показано выше."
    },
    {
      "type": "tfc:heat_recipe",
      "recipe": "tfc:heating/ceramic_pan",
      "text": "После того как лоток будет $(thing)вылеплен$(), его нужно $(l:mechanics/heating)обжечь$(), чтобы получить $(thing)обожженный лоток$().$(br2)Следующее, что вам нужно найти, — это какое-либо $(thing)рудное месторождение$(). Рудные месторождения могут содержать различные руды: родной медь, родное серебро, родное золото и касситерит."
    },
    {
      "type": "patchouli:multiblock",
      "multiblock": {
        "pattern": [
          [
            "X"
          ],
          [
            "0"
          ]
        ],
        "mapping": {
          "X": "tfc:deposit/native_gold/slate"
        }
      },
      "name": "Пример",
      "text": "Месторождение самородного золота в шиферном сланце.",
      "enable_visualize": false
    },
    {
      "type": "patchouli:text",
      "text": "Затем вы можете начать промывку!$(br2)$(bold)1.$() Держа лоток в руке, $(thing)используйте$() её на блоке рудного месторождения.$(br2)$(bold)2.$() Стоя в воде с лотком в руках, удерживайте $(item)$(k:key.use)$(), и вы начнёте промывку.$(br2)$(bold)3.$() Через некоторое время, если повезёт, вы можете быть вознаграждены маленьким кусочком руды в вашем инвентаре."
    },
    {
      "type": "patchouli:image",
      "images": [
        "tfc:textures/gui/book/tutorial/panning.png"
      ],
      "border": true
    },
    {
      "type": "patchouli:text",
      "text": "Промывка в лотке может дать три возможных продукта: $(thing)руда$(), $(thing)сыпучие камни$() и $(l:mechanics/gems)драгоценные камни$(). Вероятности следующие: $(br)$(li)Руда: 50%%$(li)Сыпучий камень: 25%%$(li)Драгоценный камень: 1%%$()Каждый тип руды даст определённый драгоценный камень, который эксклюзивен для этого типа породы.",
      "title": "Продукты промывки"
    }
  ],
  "read_by_default": true,
  "extra_recipe_mappings": {
    "tag:tfc:ore_deposits": 0
  }
}