{
  "__comment__": "This file was automatically created by mcresources",
  "name": "Поиск месторождений",
  "category": "tfc:mechanics",
  "icon": "tfc:metal/propick/wrought_iron",
  "pages": [
    {
      "type": "patchouli:text",
      "text": "Вы помните, где находили те $(l:getting_started/finding_ores)маленькие металлические самородки$(), верно? Для нахождения дополнительных руд может потребоваться обширное исследование и добыча. Вам следует хорошо ознакомиться с $(l:the_world/ores_and_minerals)рудами и минералами$(). Если вам нужен конкретный ресурс, вы должны найти тип породы, в котором он встречается, будь то под вашими ногами или где-то в мире."
    },
    {
      "type": "patchouli:text",
      "text": "Когда подбор маленьких самородков становится неудовлетворительным, пришло время начать поиски месторождений, чтобы найти жилы руды:$(br)$(li)Маленькие самородки появляются, когда руда находится поблизости, в пределах 15 блоков по горизонтали и 35 по вертикали. Если вы находите центр группы самородков, скорее всего, жила находится под вами.$(li)Открытые руды могут встречаться на скалах и в водоемах, что может быть заметно издалека."
    },
    {
      "type": "patchouli:spotlight",
      "anchor": "propick",
      "item": "tfc:metal/propick/copper",
      "title": "Кирка геолога",
      "link_recipes": false,
      "text": "Если вы ищете металлические руды или жилы минералов (у которых нет самородков), и вы не можете найти жилу наугад, пришло время достать $(thing)Кирку геолога$(). Она исследует область 25x25x25, центрируясь на блоке, по которому кликнули, и сообщает в строке действий количество и тип найденной руды."
    },
    {
      "type": "tfc:knapping_recipe",
      "recipe": "tfc:clay_knapping/propick_head_mold",
      "text": "Чтобы сделать кирку геолога, вы можете $(l:getting_started/pottery)вылепить$() необожженную форму из глины, как показано выше."
    },
    {
      "type": "tfc:heat_recipe",
      "recipe": "tfc:heating/propick_head_mold",
      "text": "После того как форма будет $(l:getting_started/pottery)выколота$(), ее необходимо $(l:mechanics/heating)обжечь$(), чтобы создать $(thing)Форму для головки кирки геолога$().$(br2)Чтобы создать головку инструмента, $(l:getting_started/finding_ores#casting)залейте$() жидкий металл в форму."
    },
    {
      "type": "tfc:anvil_recipe",
      "recipe": "tfc:anvil/wrought_iron_propick_head",
      "text": "Головка кирки геолога также может быть $(l:mechanics/anvils#working)выкована$() из $(thing)слитка$() любого инструментального металла на $(l:mechanics/anvils)Наковальне$().$(br2)Кирка геолога создается путем крафта головки инструмента с палкой."
    },
    {
      "type": "patchouli:text",
      "text": "Кирка геолога никогда не сообщит о нахождении чего-либо, когда на самом деле там ничего нет. Однако, она может неверно указать, что ничего нет, когда жила находится в пределах досягаемости. Инструменты более высокого уровня снижают или устраняют эти ложные отрицательные результаты.$(br2)Кирки геолога одного и того же уровня дают идентичные результаты при использовании на одном и том же блоке, если руды не были удалены.$(br2)Если кирка геолога находит несколько руд поблизости, она сообщит только об одной."
    },
    {
      "type": "patchouli:text",
      "text": "Правый клик киркой геолога по блоку сообщит один из возможных результатов:$(br)$(li)Ничего (может быть ложным)$(li)Следы$(li)Маленький образец$(li)Средний образец$(li)Большой образец$(li)Очень большой образец$(br2)Очень большие образцы указывают как минимум на восемьдесят и потенциально гораздо больше блоков."
    }
  ],
  "read_by_default": true,
  "extra_recipe_mappings": {
    "tfc:metal/propick/bismuth_bronze": 2,
    "tfc:metal/propick/black_bronze": 2,
    "tfc:metal/propick/bronze": 2,
    "tfc:metal/propick/copper": 2,
    "tfc:metal/propick/wrought_iron": 2,
    "tfc:metal/propick/steel": 2,
    "tfc:metal/propick/black_steel": 2,
    "tfc:metal/propick/blue_steel": 2,
    "tfc:metal/propick/red_steel": 2
  }
}