{
  "__comment__": "This file was automatically created by mcresources",
  "name": "Насосы",
  "category": "tfc:mechanics",
  "icon": "tfc:steel_pipe",
  "pages": [
    {
      "type": "patchouli:text",
      "text": "$(thing)Стальные насосы$() и $(thing)Стальные трубы$() - это блоки, полезные для транспортировки жидкостей, таких как $(thing)Вода$(), $(thing)Соленая вода$(), и $(thing)Родниковая вода$(). Они также могут использоваться для перемещения источников жидкости и заполнения небольших закрытых пространств. В отличие от $(l:mechanics/aqueducts)Акведуков$(), они также могут использоваться для транспортировки источников жидкости вверх."
    },
    {
      "type": "tfc:anvil_recipe",
      "recipe": "tfc:anvil/steel_pump",
      "text": "Стальную трубу можно изготовить, как несложно догадаться, из $(l:mechanics/steel)Стали$(), на $(l:mechanics/anvils)Наковальне$(). $(thing)Стальной насос$() можно изготовить из некоторых $(thing)Стальных труб$() и $(l:getting_started/primitive_alloys#brass)Латунных механизмов$()."
    },
    {
      "type": "patchouli:crafting",
      "recipe": "tfc:crafting/steel_pump",
      "text": "Для работы насоса вам также понадобится $(l:mechanics/crankshaft)Коленчатый вал$(), и источник $(l:mechanics/mechanical_power)Механической энергии$(): $(br)$(li)Насос должен быть подключен снизу к трубе."
    },
    {
      "type": "patchouli:text",
      "text": "$(li)С узкой стороны насос должен быть рядом с рабочим концом $(l:mechanics/crankshaft)Коленчатого вала$().$(li)Насос может достигать до $(bold)16$() блоков. Конец трубы должен быть $(bold)погружен$() в целевую жидкость и рядом с источником жидкости.$(li)Если коленчатый вал активен, жидкость будет подниматься и появляться на широком конце $(thing)Насоса$().$(li)Насос может заполнить закрытое пространство до $(bold)32$() блоков источниками жидкости."
    }
  ],
  "read_by_default": true,
  "extra_recipe_mappings": {
    "tfc:steel_pipe": 0,
    "tfc:steel_pump": 0
  }
}