{
  "__comment__": "This file was automatically created by mcresources",
  "name": "Рудопромывочный желоб",
  "category": "tfc:mechanics",
  "icon": "tfc:textures/gui/book/icons/sluice.png",
  "pages": [
    {
      "type": "patchouli:text",
      "text": "$(thing)Рудопромывочный желоб$() — это устройство, используемое для обработки $(thing)рудных месторождений$(), давая те же результаты, что и $(l:mechanics/panning)промывка в лотке$(), но с другими вероятностями."
    },
    {
      "type": "patchouli:crafting",
      "recipe": "tfc:crafting/wood/sequoia_sluice",
      "text": "Рудопромывочный желоб изготавливается из палок и досок."
    },
    {
      "type": "patchouli:text",
      "text": "При установке рудопромывочный желоб занимает два блока. Через верхнюю часть желоба должна течь вода и вытекать снизу, чтобы он работал. Рудопромывочный желоб будет работать, когда вода, кажется, течёт через него. Вода, втекающая в желоб, должна быть последним блоком водного потока. Под нижней частью рудопромывочного желоба должен быть пустой блок, куда будет течь вода."
    },
    {
      "type": "patchouli:image",
      "images": [
        "tfc:textures/gui/book/tutorial/sluice_cross.png"
      ],
      "text": "Отсадное устройство с правильной установкой воды.",
      "border": true
    },
    {
      "type": "patchouli:text",
      "text": "Чтобы использовать рудопромывочный желоб, бросьте предметы руды в водный поток и позвольте им втекать в него. Они появятся на желобе, и через некоторое время есть шанс, что обработанные предметы будут выплюнуты снизу."
    },
    {
      "type": "patchouli:image",
      "images": [
        "tfc:textures/gui/book/tutorial/sluice_in_use.png"
      ],
      "text": "Работающий рудопромывочный желоб с предметами внутри.",
      "border": true
    },
    {
      "type": "patchouli:text",
      "text": "Промывка может дать три возможных продукта: $(thing)руда$(), $(thing)сыпучие камни$() и $(l:mechanics/gems)драгоценные камни$(). Вероятности следующие: $(br)$(li)Руда: 55%%$(li)Сыпучий камень: 22.5%%$(li)Драгоценный камень: 0.9%%$()Каждый тип породы даст определённый драгоценный камень, который эксклюзивен для нее.",
      "title": "Продукты промывки"
    }
  ],
  "read_by_default": true,
  "extra_recipe_mappings": {
    "tag:tfc:sluices": 0
  }
}