{
  "type": "minecraft:fishing",
  "pools": [
    {
      "name": "loot_pool",
      "rolls": 1,
      "entries": [
        {
          "type": "minecraft:alternatives",
          "children": [
            {
              "type": "minecraft:item",
              "name": "tfc:rock/loose/diorite",
              "conditions": [
                {
                  "condition": "minecraft:random_chance",
                  "chance": 0.33
                }
              ]
            },
            {
              "type": "minecraft:item",
              "name": "tfc:ore/small_bismuthinite",
              "conditions": [
                {
                  "condition": "minecraft:random_chance",
                  "chance": 0.016
                }
              ]
            },
            {
              "type": "minecraft:item",
              "name": "tfc:ore/small_cassiterite",
              "conditions": [
                {
                  "condition": "minecraft:random_chance",
                  "chance": 0.016
                }
              ]
            },
            {
              "type": "minecraft:item",
              "name": "tfc:ore/small_native_gold",
              "conditions": [
                {
                  "condition": "minecraft:random_chance",
                  "chance": 0.0145
                }
              ]
            },
            {
              "type": "minecraft:item",
              "name": "tfc:ore/small_garnierite",
              "conditions": [
                {
                  "condition": "minecraft:random_chance",
                  "chance": 0.01
                }
              ]
            }
          ]
        }
      ]
    }
  ]
}