{
    "type": "minecraft:fishing",
    "pools": [
      {
        "name": "loot_pool",
        "rolls": 1,
        "entries": [
          {
            "type": "minecraft:alternatives",
            "children": [
              {
                "type": "minecraft:item",
                "name": "tfc:rock/loose/slate",
                "conditions": [
                  {
                    "condition": "minecraft:random_chance",
                    "chance": 0.33
                  }
                ]
              },
              {
                "type": "minecraft:item",
                "name": "tfc:ore/amethyst",
                "conditions": [
                  {
                    "condition": "minecraft:random_chance",
                    "chance": 0.011
                  }
                ]
              },
              {
                "type": "minecraft:item",
                "name": "tfc:ore/gypsum",
                "conditions": [
                  {
                    "condition": "minecraft:random_chance",
                    "chance": 0.0083
                  }
                ]
              },
              {
                "type": "minecraft:item",
                "name": "tfc:ore/small_sphalerite",
                "conditions": [
                  {
                    "condition": "minecraft:random_chance",
                    "chance": 0.016
                  }
                ]
              },
              {
                "type": "minecraft:item",
                "name": "tfc:ore/small_tetrahedrite",
                "conditions": [
                  {
                    "condition": "minecraft:random_chance",
                    "chance": 0.016
                  }
                ]
              },
              {
                "type": "minecraft:item",
                "name": "tfc:ore/small_native_silver",
                "conditions": [
                  {
                    "condition": "minecraft:random_chance",
                    "chance": 0.012
                  }
                ]
              }
            ]
          }
        ]
      }
    ]
  }