{
  "type": "minecraft:fishing",
  "pools": [
    {
      "name": "loot_pool",
      "rolls": 1,
      "entries": [
        {
          "type": "minecraft:alternatives",
          "children": [
            {
              "type": "minecraft:item",
              "name": "tfc:rock/loose/limestone",
              "conditions": [
                {
                  "condition": "minecraft:random_chance",
                  "chance": 0.33
                }
              ]
            },
            {
              "type": "minecraft:item",
              "name": "tfc:ore/amethyst",
              "conditions": [
                {
                  "condition": "minecraft:random_chance",
                  "chance": 0.011
                }
              ]
            },
            {
              "type": "minecraft:item",
              "name": "tfc:ore/bituminous_coal",
              "conditions": [
                {
                  "condition": "minecraft:random_chance",
                  "chance": 0.011
                }
              ]
            },
            {
              "type": "minecraft:item",
              "name": "tfc:ore/borax",
              "conditions": [
                {
                  "condition": "minecraft:random_chance",
                  "chance": 0.011
                }
              ]
            },
            {
              "type": "minecraft:item",
              "name": "tfc:ore/halite",
              "conditions": [
                {
                  "condition": "minecraft:random_chance",
                  "chance": 0.0083
                }
              ]
            },
            {
              "type": "minecraft:item",
              "name": "tfc:kaolin_clay",
              "conditions": [
                {
                  "condition": "minecraft:random_chance",
                  "chance": 0.011
                }
              ]
            },
            {
              "type": "minecraft:item",
              "name": "tfc:ore/lapis_lazuli",
              "conditions": [
                {
                  "condition": "minecraft:random_chance",
                  "chance": 0.011
                }
              ]
            },
            {
              "type": "minecraft:item",
              "name": "tfc:ore/lignite",
              "conditions": [
                {
                  "condition": "minecraft:random_chance",
                  "chance": 0.011
                }
              ]
            },
            {
              "type": "minecraft:item",
              "name": "tfc:ore/small_bismuthinite",
              "conditions": [
                {
                  "condition": "minecraft:random_chance",
                  "chance": 0.016
                }
              ]
            },
            {
              "type": "minecraft:item",
              "name": "tfc:ore/small_limonite",
              "conditions": [
                {
                  "condition": "minecraft:random_chance",
                  "chance": 0.016
                }
              ]
            },
            {
              "type": "minecraft:item",
              "name": "tfc:ore/small_magnetite",
              "conditions": [
                {
                  "condition": "minecraft:random_chance",
                  "chance": 0.016
                }
              ]
            },
            {
              "type": "minecraft:item",
              "name": "tfc:ore/small_malachite",
              "conditions": [
                {
                  "condition": "minecraft:random_chance",
                  "chance": 0.016
                }
              ]
            },
            {
              "type": "minecraft:item",
              "name": "tfc:ore/saltpeter",
              "conditions": [
                {
                  "condition": "minecraft:random_chance",
                  "chance": 0.011
                }
              ]
            }
          ]
        }
      ]
    }
  ]
}