{
  "__comment__": "This file was automatically created by mcresources",
  "name": "Продвинутая механика",
  "description": "Продвинутые разделы технологического дерева, от первой кирки и до цветной стали.$(br2)$(br)$(bold)Примечание: $() вы можете искать записи, просто начав печатать в любом месте!",
  "icon": "tfc:metal/axe/red_steel",
  "sortnum": 2
}