{
  "name": "Ethanol",
  "icon": "pneumaticcraft:ethanol_bucket",
  "category": "pneumaticcraft:renewables",
  "advancement": "pneumaticcraft:yeast_culture",
  "pages": [
    {
      "type": "text",
      "text": "$(thing)Ethanol/$ can be produced in a $(l:manufacturing/thermopneumatic_processing_plant)Thermopneumatic Processing Plant/$ with $(l:renewables/yeast_culture)Yeast Culture/$ and $(thing)Sugar/$. It is one of the constituents of $(l:renewables/biodiesel)Biodiesel/$."
    },
    {
      "type": "text",
      "text": "This process is temperature-sensitive: you will need to keep the Thermopneumatic Processing Plant's temperature between 30°C and 60°C.$(p)This is very easy in warmer biomes but may take a little effort in cooler areas - one thing to note is that the ambient temperature tend to rise as you dig deeper, so temperate biomes might be suitable if do your processing at a lower Y-level."
    },
    {
      "type": "pneumaticcraft:thermo_plant",
      "recipe": "pneumaticcraft:thermo_plant/ethanol_from_sugar"
    },
    {
      "type": "pneumaticcraft:thermo_plant",
      "recipe": "pneumaticcraft:thermo_plant/ethanol_from_melon"
    },
    {
      "type": "pneumaticcraft:thermo_plant",
      "recipe": "pneumaticcraft:thermo_plant/ethanol_from_potato"
    },
    {
      "type": "pneumaticcraft:thermo_plant",
      "recipe": "pneumaticcraft:thermo_plant/ethanol_from_poisonous_potato"
    },
    {
      "type": "pneumaticcraft:thermo_plant",
      "recipe": "pneumaticcraft:thermo_plant/ethanol_from_apple"
    },
    {
      "type": "pneumaticcraft:thermo_plant",
      "recipe": "pneumaticcraft:thermo_plant/ethanol_from_sweet_berries"
    }
  ]
}