{
  "name": "Glycerol",
  "icon": "pneumaticcraft:glycerol",
  "category": "pneumaticcraft:renewables",
  "advancement": "pneumaticcraft:ethanol",
  "pages": [
    {
      "type": "text",
      "text": "$(thing)Glycerol/$ is a by-product of producing $(l:renewables/biodiesel)Biodiesel/$, but it turns out to be a rather useful substance in its own right. Its uses are detailed in the following pages."
    },
    {
      "type": "crafting",
      "recipe": "pneumaticcraft:bandage",
      "text": "$(thing)Bandages/$ can be used to quickly heal 3 hearts of health. Quickly is not instantaneous, though; you will need to right-click and hold for 2 seconds to apply a bandage, and there is an 8-second cooldown between uses."
    },
    {
      "type": "crafting",
      "recipe": "pneumaticcraft:speed_upgrade_from_glycerol",
      "text": "Double the output of using $(thing)Sugar/$, what's not to like? This will save on your precious $(l:components/lubricant)Lubricant/$."
    },
    {
      "type": "spotlight",
      "item": "minecraft:furnace",
      "title": "As a Fuel",
      "text": "$(thing)Glycerol/$ also makes a decent fuel item, equivalent to 4 $(thing)Planks/$ or half a lump of $(thing)Coal/$."
    }
  ]
}