{
  "name": "Biodiesel Overview",
  "icon": "minecraft:book",
  "category": "pneumaticcraft:renewables",
  "priority": "true",
  "advancement": "pneumaticcraft:tp_plant",
  "pages": [
    {
      "type": "text",
      "text": "This is a very quick guide to producing renewable $(thing)Biodiesel/$. Follow the steps here, and refer to other pages in this section for more detail on specific topics (other pages may be advancement-locked, but will unlock as you complete the prerequisite steps)."
    },
    {
      "type": "spotlight",
      "item": "pneumaticcraft:yeast_culture_bucket",
      "text": "Step 1a: Make some $(thing)Yeast Culture/$: get some mushrooms and water, and combine them in a $(l:manufacturing/thermopneumatic_processing_plant)Thermopneumatic Processing Plant/$. You will need to ensure the TPP has temperature of between 30°C and 60°C, which may be easy or tricky depending on your biome and altitude."
    },
    {
      "type": "spotlight",
      "item": "minecraft:sugar",
      "text": "Step 1b (optional): Once you have least one bucket of Yeast Culture, you can produce more in a faster way by pouring it into a pool in-world, dropping some sugar into the pool, and pouring a bucket of water into a blockspace adjacent to the culture; the culture will replicate itself into the water you poured out."
    },
    {
      "type": "spotlight",
      "item": "pneumaticcraft:ethanol_bucket",
      "text": "Step 2: Make some $(thing)Ethanol/$ by adding your $(thing)Yeast Culture/$ and some $(thing)Sugar/$ to a $(l:manufacturing/thermopneumatic_processing_plant)Thermopneumatic Processing Plant/$. This is temperature-dependent in a very similar way to step 1a."
    },
    {
      "type": "spotlight",
      "item": "pneumaticcraft:vegetable_oil_bucket",
      "text": "Step 3: Make some $(thing)Vegetable Oil/$ by squeezing $(thing)seeds/$ or $(thing)crops/$ in a $(l:manufacturing/thermopneumatic_processing_plant)Thermopneumatic Processing Plant/$ with a little pressure."
    },
    {
      "type": "spotlight",
      "item": "pneumaticcraft:biodiesel_bucket",
      "text": "Step 4: Combine your $(thing)Ethanol/$ and $(thing)Vegetable Oil/$ in a $(l:manufacturing/fluid_mixer)Fluid Mixer/$. Congratulations, you have made some renewable fuel!"
    }
  ]
}