{
  "name": "Sourdough",
  "icon": "pneumaticcraft:sourdough",
  "category": "pneumaticcraft:renewables",
  "advancement": "pneumaticcraft:yeast_culture",
  "pages": [
    {
      "type": "text",
      "text": "$(thing)Sourdough/$ can be crafted with $(l:renewables/yeast_culture)Yeast Culture/$ and $(thing)Wheat Flour/$. It can be cooked into $(item)Sourdough Bread/$, which is superior in nutritional quality (and taste!) to boring old vanilla $(item)Bread/$, or used to make $(item)Salmon Tempura/$."
    },
    {
      "type": "crafting",
      "recipe": "pneumaticcraft:sourdough",
      "text": "$(italic)You knead this/$"
    },
    {
      "type": "pneumaticcraft:pressure_chamber",
      "recipe": "pneumaticcraft:pressure_chamber/wheat_flour"
    },
    {
      "type": "smelting",
      "recipe": "pneumaticcraft:sourdough_bread"
    },
    {
      "type": "crafting",
      "recipe": "pneumaticcraft:raw_salmon_tempura"
    },
    {
      "type": "pneumaticcraft:thermo_plant",
      "recipe": "pneumaticcraft:thermo_plant/salmon_tempura"
    }
  ]
}