{
  "__comment__": "This file was automatically created by mcresources",
  "name": "Календарь и климат",
  "category": "tfc:the_world",
  "icon": "tfc:textures/gui/book/icons/thermometer.png",
  "pages": [
    {
      "type": "patchouli:text",
      "anchor": "calendar",
      "text": "В TerraFirmaCraft климат и время являются очень важными факторами. Давайте начнем с $(thing)календаря$().$(br2)В любое время вы можете просмотреть календарь, нажав $(item)$(k:key.inventory)$(), и кликнув на вкладку календаря. Это покажет $(thing)сезон$(), $(thing)день$() и $(thing)дата$()."
    },
    {
      "type": "patchouli:image",
      "images": [
        "tfc:textures/gui/book/gui/calendar.png"
      ],
      "text": "Экран календаря",
      "border": false
    },
    {
      "type": "patchouli:text",
      "text": "Есть сезоны. Погода и климат будут меняться вместе с ними! В TerraFirmaCraft четыре сезона, каждый из которых разделен на $(thing)ранние$(), $(thing)средние$() и $(thing)поздние$() месяцы. Четыре сезона: $(br)$(li)$(bold)Весна$(): март - май$(li)$(bold)Лето$(): июнь - август$(li)$(bold)Осень$(): сентябрь - ноябрь$(li)$(bold)Зима$(): декабрь - февраль"
    },
    {
      "type": "patchouli:text",
      "text": "Текущий сезон может влиять на температуру в регионе и осадки (будет ли идти дождь или снег). Обращайте внимание на вкладку календаря, она будет полезна!$(br2)Теперь о климате..."
    },
    {
      "type": "patchouli:text",
      "anchor": "climate",
      "text": "Еще одна вкладка на главном экране инвентаря - это экран $(thing)климата$(). Этот экран показывает информацию о климате в текущем местоположении.$(br2)Первая строка показывает общий $(l:https://ru.wikipedia.org/wiki/%D0%9A%D0%BB%D0%B0%D1%81%D1%81%D0%B8%D1%84%D0%B8%D0%BA%D0%B0%D1%86%D0%B8%D1%8F_%D0%BA%D0%BB%D0%B8%D0%BC%D0%B0%D1%82%D0%BE%D0%B2_%D0%9A%D1%91%D0%BF%D0%BF%D0%B5%D0%BD%D0%B0)климат$().$(br2)Вторая строка показывает $(l:the_world/geology)геологическую провинцию$().$(br2)Третья строка показывает $(thing)среднегодовую температуру$().",
      "title": "Климат"
    },
    {
      "type": "patchouli:image",
      "images": [
        "tfc:textures/gui/book/gui/climate.png"
      ],
      "text": "Экран климата",
      "border": false
    },
    {
      "type": "patchouli:text",
      "anchor": "temperature",
      "text": "Температура в TerraFirmaCraft зависит от множества факторов: $(br)$(li)Во-первых, регион, особенно широта (координата Z), играет наибольшую роль.$(li)Во-вторых, текущий сезон влияет на температуру - летом будет самая высокая температура, а зимой - самая низкая.$(li)Наконец, температура может отличаться от дня к дню, а также меняться в течение часа."
    },
    {
      "type": "patchouli:text",
      "text": "Последняя строка показывает текущую температуру, включая все вышеупомянутые факторы.$(br2)Температура может влиять на многие вещи: будут ли расти культуры и растения, будет ли формироваться или таять снег и лед, и многое другое."
    },
    {
      "type": "patchouli:text",
      "anchor": "rainfall",
      "text": "Осадки - еще одно климатическое значение, которое может варьироваться в зависимости от вашего местоположения в мире. Годовое количество осадков измеряется в миллиметрах (мм) и может быть от 0 мм до 500мм. Осадки влияют на типы флоры, встречающейся в данной местности, а также на типы почвы, от песка и кактусов до суглинка, ила и деревьев капока.",
      "title": "Осадки"
    },
    {
      "type": "patchouli:text",
      "text": "Осадки также важны, поскольку они влияют на то, что может быть выращено в данной местности. Осадки являются одним из основных факторов $(l:mechanics/hydration)увлажнения$(), которое является точным показателем влажности почвы в данной локации и используется $(l:mechanics/crops)культурами$(), $(l:the_world/wild_fruits#fruit_trees)фруктовыми деревьями$() и $(l:the_world/wild_fruits#tall_bushes)ягодными кустами$() для определения возможности их роста."
    }
  ],
  "read_by_default": true,
  "sortnum": 2
}