{
  "__comment__": "This file was automatically created by mcresources",
  "name": "Геология",
  "category": "tfc:the_world",
  "icon": "tfc:rock/raw/shale",
  "pages": [
    {
      "type": "patchouli:text",
      "text": "Мир TerraFirmaCraft разделен на большие континенты - массивы суши шириной в несколько километров, разделенные океанами. Здесь вы можете найти горные хребты, реки и множество других сред обитания."
    },
    {
      "type": "patchouli:image",
      "images": [
        "tfc:textures/gui/book/biomes/regions.png"
      ],
      "text": "Типичный мир TFC, рассмотренный в масштабе.",
      "border": true
    },
    {
      "type": "patchouli:text",
      "anchor": "rocks",
      "text": "Мир также разделен на различные $(thing)породы$(). Регионы с породами могут простирается более чем на километр в поперечнике, и под вашими ногами всегда будет два или три различных слоя породы. Поскольку разные $(l:the_world/ores_and_minerals)руды$() находятся в разных типах пород, поиск определенных пород может быть очень важен для нахождения ресурсов, которые часто встречаются только в определенных типах пород.",
      "title": "Слои породы"
    },
    {
      "type": "patchouli:image",
      "images": [
        "tfc:textures/gui/book/biomes/rock_layers.png"
      ],
      "text": "Разрез мира TFC.",
      "border": true
    },
    {
      "type": "patchouli:text",
      "text": "Дно океана состоит из $(l:the_world/geology#igneous_extrusive)экструзивных магматических$() пород - пород, образованных быстро остывшей магмой. Под экструзивными магматическими породами, скорее всего, будет находиться $(l:the_world/geology)интрузивные магматические$() того же $(item)качества$().$(br2)Например, под $(thing)базальтом$() (мафическая, экструзивная магматическая порода), скорее всего будет находиться $(thing)габбро$() (мафическая, интрузивный магматическая порода).",
      "title": "Дно океана"
    },
    {
      "type": "patchouli:text",
      "text": "$(li)$(l:https://en.wikipedia.org/wiki/Felsic)Фельзические$() породы - это $(thing)гранит$() и $(thing)риолит$().$(li)$(l:https://en.wikipedia.org/wiki/Intermediate_composition)Промежуточные$() породы - это $(thing)андезит$(), $(thing)дацит$(), и $(thing)диорит$().$(li)$(l:https://en.wikipedia.org/wiki/Mafic)Мафические$() породы - это $(thing)базальт$() и $(thing)габбро$().",
      "title": "Классы магматических пород"
    },
    {
      "type": "patchouli:text",
      "text": "Верхний слой породы на континенте будет либо экструзивным магматическим, либо $(l:the_world/geology#sedimentary)осадочным$(). Под осадочными породами, скорее всего, будут находиться $(l:the_world/geology#metamorphic)метаморфические$().$(br2)Например, $(thing)мрамор$() (метаморфический камень) скорее всего будет найден под $(thing)известняком$() или $(thing)мелом$(). Высококачественные метаморфические породы находятся глубоко под другими метаморфическими или магматическими породами."
    },
    {
      "type": "patchouli:text",
      "text": "$(li)$(thing)Шиферный сланец$() образуется под $(thing)сланцем$(), $(thing)аргиллитом$(), и $(thing)конгломератом$().$(li)$(thing)Мрамор$() образуется под $(thing)известняком$(), $(thing)доломитом$(), и $(thing)мелом$().$(li)$(thing)Кварцит$() образуется под $(thing)кремнистым сланцем$().$(li)$(thing)Филлит$() образуется под $(thing)шиферный сланцем$()$(li)$(thing)Аспидный сланец$() и $(thing)гнейс$() образуются под $(thing)филлитом$(), или другими интрузивными магматическими породами.",
      "title": "Метаморфические породы"
    },
    {
      "type": "patchouli:text",
      "text": "Наконец, в горных районах вы также можете увидеть $(thing)поднятие$(), где метаморфические или интрузивный магматические породы находятся на поверхности. Породы поднятия могут быть найдены над другими континентальными осадочными или метаморфическими породами высокого качества.$(br2)Кроме того, $(l:https://ru.wikipedia.org/wiki/%D0%94%D0%B0%D0%B9%D0%BA%D0%B0)дайки$() - небольшие вертикальные слои интрузивной магматической породы - могут быть разбросаны по всему миру,",
      "title": "Районы поднятия"
    },
    {
      "type": "patchouli:text",
      "text": "проступая через верхние слои пород.$(br2)Имея всё это в виду, на следующих нескольких страницах перечислены породы всех четырех категорий: $(thing)осадочные$(), $(thing)метаморфические$(), $(thing)экструзивные магматические$(), и $(thing)интрузивные магматические$(). Эти категории определяют, где может появиться порода (см. предыдущие страницы), а также какие руды могут появляться в ней."
    },
    {
      "type": "patchouli:text",
      "anchor": "sedimentary",
      "text": "$(l:https://ru.wikipedia.org/wiki/%D0%9E%D1%81%D0%B0%D0%B4%D0%BE%D1%87%D0%BD%D1%8B%D0%B5_%D0%B3%D0%BE%D1%80%D0%BD%D1%8B%D0%B5_%D0%BF%D0%BE%D1%80%D0%BE%D0%B4%D1%8B)Осадочные$() породы образуются в результате накопления или осаждения минеральных или органических частиц. Обычно они находятся в верхних слоях на континентальных территориях. К ним относятся:$(br)$(li)Сланец$(li)Аргиллит$(li)Известняк$(li)Конгломерат$(li)Доломит$(li)Кремнистый сланец$(li)Мел",
      "title": "Осадочные"
    },
    {
      "type": "patchouli:text",
      "anchor": "metamorphic",
      "text": "$(l:https://ru.wikipedia.org/wiki/%D0%9C%D0%B5%D1%82%D0%B0%D0%BC%D0%BE%D1%80%D1%84%D0%B8%D1%87%D0%B5%D1%81%D0%BA%D0%B8%D0%B5_%D0%B3%D0%BE%D1%80%D0%BD%D1%8B%D0%B5_%D0%BF%D0%BE%D1%80%D0%BE%D0%B4%D1%8B)Метаморфические$() породы создаются в процессе называемом метаморфизмом. Они могут быть найдены под соответствующими осадочными или магматическим породами, или в районах поднятия. К ним относятся:$(br)$(li)Кварцит$(li)Киферный сланец$(li)Филлит$(li)Аспидный сланец$(li)Гнейс$(li)Мрамор",
      "title": "Метаморфические"
    },
    {
      "type": "patchouli:text",
      "anchor": "igneous_extrusive",
      "text": "$(l:https://en.wikipedia.org/wiki/Igneous_rock#Extrusive)Экструзивные магматические$() породы образуются из магмы, остывающей на поверхности земли. Они могут быть найдены в верхнем слое камня на континентальных территориях или на дне океанов. К ним относятся:$(br)$(li)Риолит$(li)Базальт$(li)Андезит$(li)Дацит",
      "title": "Экструзивные магматические"
    },
    {
      "type": "patchouli:text",
      "anchor": "igneous_intrusive",
      "text": "$(l:https://en.wikipedia.org/wiki/Igneous_rock#Intrusive)Интрузивные магматические$() породы образуются из магмы, остывающей под земной корой. Они могут быть найдены глубоко под землей, или редко в дайках или районах поднятия. К ним относятся:$(br)$(li)Гранит$(li)Диорит$(li)Габбро",
      "title": "Интрузивные магматические"
    }
  ],
  "read_by_default": true,
  "sortnum": 0
}