{
  "__comment__": "This file was automatically created by mcresources",
  "name": "Дикие культуры",
  "category": "tfc:the_world",
  "icon": "tfc:textures/gui/book/icons/wild_crops.png",
  "pages": [
    {
      "type": "patchouli:text",
      "text": "$(thing)Дикие культуры$() можно найти разбросанными по всему миру, растущими небольшими пятнами. Их можно собирать для получения пищи и семян, которые затем можно выращивать в не дикой форме.$(br2)Сбор диких культур можно осуществлять голыми руками, или с помощью $(thing)Ножа$() или другого острого инструмента. При сборе они будут давать $(thing)Семена$() и некоторые $(thing)Продукты$()."
    },
    {
      "type": "patchouli:multiblock",
      "multiblock": {
        "pattern": [
          [
            "X"
          ],
          [
            "0"
          ]
        ],
        "mapping": {
          "X": "tfc:wild_crop/wheat[mature=true]"
        }
      },
      "name": "Дикая пшеница",
      "text": "Пример дикой культуры, в данном случае $(l:mechanics/crops#wheat)Пшеница$().",
      "enable_visualize": false
    },
    {
      "type": "patchouli:text",
      "text": "Каждая $(l:mechanics/crops)культура$(), которую можно выращивать, также может быть найдена в дикой природе. Дикие культуры будут выглядеть похоже на их культивируемые аналоги, но более скрыты среди травы. Дикие культуры созревают только с июня по октябрь. В остальное время они выглядят мертвыми до следующего лета."
    },
    {
      "type": "tfc:multimultiblock",
      "text": "Все различные виды диких культур",
      "multiblocks": [
        {
          "pattern": [
            [
              "X"
            ],
            [
              "0"
            ]
          ],
          "mapping": {
            "X": "tfc:wild_crop/barley"
          }
        },
        {
          "pattern": [
            [
              "X"
            ],
            [
              "0"
            ]
          ],
          "mapping": {
            "X": "tfc:wild_crop/oat"
          }
        },
        {
          "pattern": [
            [
              "X"
            ],
            [
              "0"
            ]
          ],
          "mapping": {
            "X": "tfc:wild_crop/rye"
          }
        },
        {
          "pattern": [
            [
              "X"
            ],
            [
              "Y"
            ],
            [
              "0"
            ]
          ],
          "mapping": {
            "X": "tfc:wild_crop/maize[part=top]",
            "Y": "tfc:wild_crop/maize[part=bottom]"
          }
        },
        {
          "pattern": [
            [
              "X"
            ],
            [
              "0"
            ]
          ],
          "mapping": {
            "X": "tfc:wild_crop/barley"
          }
        },
        {
          "pattern": [
            [
              "X"
            ],
            [
              "0"
            ]
          ],
          "mapping": {
            "X": "tfc:wild_crop/rice[fluid=water]"
          }
        },
        {
          "pattern": [
            [
              "X"
            ],
            [
              "0"
            ]
          ],
          "mapping": {
            "X": "tfc:wild_crop/beet"
          }
        },
        {
          "pattern": [
            [
              "X"
            ],
            [
              "0"
            ]
          ],
          "mapping": {
            "X": "tfc:wild_crop/cabbage"
          }
        },
        {
          "pattern": [
            [
              "X"
            ],
            [
              "0"
            ]
          ],
          "mapping": {
            "X": "tfc:wild_crop/carrot"
          }
        },
        {
          "pattern": [
            [
              "X"
            ],
            [
              "0"
            ]
          ],
          "mapping": {
            "X": "tfc:wild_crop/garlic"
          }
        },
        {
          "pattern": [
            [
              "X"
            ],
            [
              "Y"
            ],
            [
              "0"
            ]
          ],
          "mapping": {
            "X": "tfc:wild_crop/green_bean[part=top]",
            "Y": "tfc:wild_crop/green_bean[part=bottom]"
          }
        },
        {
          "pattern": [
            [
              "X"
            ],
            [
              "0"
            ]
          ],
          "mapping": {
            "X": "tfc:wild_crop/potato"
          }
        },
        {
          "pattern": [
            [
              "X"
            ],
            [
              "0"
            ]
          ],
          "mapping": {
            "X": "tfc:wild_crop/onion"
          }
        },
        {
          "pattern": [
            [
              "X"
            ],
            [
              "0"
            ]
          ],
          "mapping": {
            "X": "tfc:wild_crop/soybean"
          }
        },
        {
          "pattern": [
            [
              "X"
            ],
            [
              "0"
            ]
          ],
          "mapping": {
            "X": "tfc:wild_crop/squash"
          }
        },
        {
          "pattern": [
            [
              "X"
            ],
            [
              "Y"
            ],
            [
              "0"
            ]
          ],
          "mapping": {
            "X": "tfc:wild_crop/sugarcane[part=top]",
            "Y": "tfc:wild_crop/sugarcane[part=bottom]"
          }
        },
        {
          "pattern": [
            [
              "X"
            ],
            [
              "Y"
            ],
            [
              "0"
            ]
          ],
          "mapping": {
            "X": "tfc:wild_crop/tomato[part=top]",
            "Y": "tfc:wild_crop/tomato[part=bottom]"
          }
        },
        {
          "pattern": [
            [
              "X"
            ],
            [
              "Y"
            ],
            [
              "0"
            ]
          ],
          "mapping": {
            "X": "tfc:wild_crop/jute[part=top]",
            "Y": "tfc:wild_crop/jute[part=bottom]"
          }
        },
        {
          "pattern": [
            [
              "X"
            ],
            [
              "0"
            ]
          ],
          "mapping": {
            "X": "tfc:wild_crop/pumpkin"
          }
        },
        {
          "pattern": [
            [
              "X"
            ],
            [
              "0"
            ]
          ],
          "mapping": {
            "X": "tfc:wild_crop/melon"
          }
        }
      ]
    },
    {
      "type": "patchouli:text",
      "text": "Дикие культуры будут появляться в климатах, близких к тем, где сама культура может быть выращена, так что если вы ищете конкретную культуру, ищите в климате, где культура может быть выращена. Однако, в отличие от $(l:mechanics/crops)культур$(), посаженных игроком, дикие культуры не требуют $(l:mechanics/hydration)увлажнения$(). Вместо этого они растут в зависимости от средней $()температуры$() и $()осадков$().",
      "title": "Нахождение диких культур"
    },
    {
      "type": "patchouli:text",
      "text": "На следующих страницах показана таблица сред, где можно найти дикие культуры."
    },
    {
      "type": "tfc:table",
      "strings": [
        {
          "text": "Crop",
          "bold": true
        },
        {
          "text": "Temperature (°C)",
          "bold": true
        },
        {
          "text": "Rainfall (mm)",
          "bold": true
        },
        {
          "text": "Barley"
        },
        {
          "text": " -8 - 26"
        },
        {
          "text": " 70 - 310"
        },
        {
          "text": "Oat"
        },
        {
          "text": "  3 - 40"
        },
        {
          "text": "140 - 400"
        },
        {
          "text": "Rye"
        },
        {
          "text": "-11 - 30"
        },
        {
          "text": "100 - 350"
        },
        {
          "text": "Maize"
        },
        {
          "text": " 13 - 40"
        },
        {
          "text": "300 - 500"
        },
        {
          "text": "Wheat"
        },
        {
          "text": " -4 - 35"
        },
        {
          "text": "100 - 400"
        },
        {
          "text": "Rice"
        },
        {
          "text": " 15 - 30"
        },
        {
          "text": "100 - 500"
        },
        {
          "text": "Beet"
        },
        {
          "text": " -5 - 20"
        },
        {
          "text": " 70 - 300"
        },
        {
          "text": "Cabbage"
        },
        {
          "text": "-10 - 27"
        },
        {
          "text": " 60 - 280"
        },
        {
          "text": "Carrot"
        },
        {
          "text": "  3 - 30"
        },
        {
          "text": "100 - 400"
        },
        {
          "text": "Garlic"
        },
        {
          "text": "-20 - 18"
        },
        {
          "text": " 60 - 310"
        },
        {
          "text": "Green Bean"
        },
        {
          "text": "  2 - 35"
        },
        {
          "text": "150 - 410"
        },
        {
          "text": "Melon"
        },
        {
          "text": "  5 - 37"
        },
        {
          "text": "200 - 500"
        }
      ],
      "text": "",
      "title": "Требования к диким культурам",
      "legend": [],
      "columns": 2,
      "first_column_width": 80,
      "column_width": 70,
      "row_height": 10,
      "left_buffer": 2,
      "top_buffer": 12,
      "draw_background": false
    },
    {
      "type": "patchouli:empty",
      "draw_filler": false
    },
    {
      "type": "tfc:table",
      "strings": [
        {
          "text": "Crop",
          "bold": true
        },
        {
          "text": "Temperature (°C)",
          "bold": true
        },
        {
          "text": "Rainfall (mm)",
          "bold": true
        },
        {
          "text": "Potato"
        },
        {
          "text": " -1 - 37"
        },
        {
          "text": "200 - 410"
        },
        {
          "text": "Pumpkin"
        },
        {
          "text": "  0 - 30"
        },
        {
          "text": "120 - 390"
        },
        {
          "text": "Onion"
        },
        {
          "text": "  0 - 30"
        },
        {
          "text": "100 - 390"
        },
        {
          "text": "Soybean"
        },
        {
          "text": "  8 - 30"
        },
        {
          "text": "160 - 410"
        },
        {
          "text": "Squash"
        },
        {
          "text": "  5 - 33"
        },
        {
          "text": " 90 - 390"
        },
        {
          "text": "Sugarcane"
        },
        {
          "text": " 12 - 38"
        },
        {
          "text": "160 - 500"
        },
        {
          "text": "Tomato"
        },
        {
          "text": "  0 - 36"
        },
        {
          "text": "120 - 390"
        },
        {
          "text": "Jute"
        },
        {
          "text": "  5 - 37"
        },
        {
          "text": "100 - 410"
        },
        {
          "text": "Papyrus"
        },
        {
          "text": " 19 - 37"
        },
        {
          "text": "310 - 500"
        },
        {
          "text": "Red Bell Pepper"
        },
        {
          "text": " 16 - 30"
        },
        {
          "text": "190 - 400"
        },
        {
          "text": "Yellow Bell Pepper"
        },
        {
          "text": " 16 - 30"
        },
        {
          "text": "190 - 400"
        }
      ],
      "text": "",
      "title": "Требования к диким культурам",
      "legend": [],
      "columns": 2,
      "first_column_width": 80,
      "column_width": 70,
      "row_height": 10,
      "left_buffer": 2,
      "top_buffer": 12,
      "draw_background": false
    },
    {
      "type": "patchouli:empty",
      "draw_filler": false
    }
  ],
  "read_by_default": true,
  "sortnum": 4,
  "extra_recipe_mappings": {
    "tag:tfc:wild_crops": 0
  }
}