{
  "__comment__": "This file was automatically created by mcresources",
  "name": "Дикие фрукты",
  "category": "tfc:the_world",
  "icon": "tfc:textures/item/food/elderberry.png",
  "pages": [
    {
      "type": "patchouli:text",
      "text": "Множество различных видов диких фруктов можно найти, растущих в мире. Их можно собирать для еды или выращивания с правильным оборудованием. Их можно найти на различных видах кустарников или деревьев. В общем, фрукты можно найти на трех типах растений: $(l:the_world/wild_fruits#fruit_trees)фруктовые деревья$(), $(l:the_world/wild_fruits#tall_bushes)Высокие кусты$() и $(l:the_world/wild_fruits#small_bushes)Низкие кусты$().$(br2)Все плодоносящие растения имеют общий жизненный цикл. Они будут расти, формировать цветы, давать плоды, а затем впадать в состояние покоя в годовом цикле."
    },
    {
      "type": "patchouli:text",
      "text": "Плодовые растения сезонны. Во время их холодного сезона эти растения будут выглядеть коричневыми и безжизненными. Весной они становятся зелеными и здоровыми, готовясь производить плоды и расти. Точные сроки этого процесса варьируются в зависимости от фрукта. Плодовые растения также могут умирать: от старости и из-за неподходящих климатических условий."
    },
    {
      "type": "patchouli:text",
      "anchor": "fruit_trees",
      "text": "$(thing)Фруктовые деревья$() растут из маленьких саженцев в большие, цветущие деревья. Ветви фруктовых деревьев - это их сердце, и они будут расти, пока климатические условия подходящие. По мере созревания фруктовых деревьев, они будут покрываться $(thing)листьями$() вокруг своих ветвей. Листья могут цвести и плодоносить в зависимости от сезона.",
      "title": "Фруктовые деревья"
    },
    {
      "type": "patchouli:image",
      "images": [
        "tfc:textures/gui/book/tutorial/fruit_tree.png"
      ],
      "text": "Типичное фруктовое дерево.",
      "border": true
    },
    {
      "type": "patchouli:text",
      "text": "Фруктовые деревья начинаются с $(thing)Саженцев$(). Саженцы начнут расти, формируя первый кусок дерева, если это не сезон покоя для этого фрукта. Размер готового дерева свободно определяется количеством саженцев в исходном блоке саженца. Больше саженцев означает большее дерево.$(br)Больше саженцев можно добавить в один блок через $(thing)Прививку$(). Чтобы привить саженец к другому, просто $(item)$(k:key.use)$() на него, держа саженец и $(thing)Нож$() в свободной руке."
    },
    {
      "type": "patchouli:text",
      "text": "Чтобы получить саженцы с фруктового дерева, сломайте 'локтевые' блоки (ветвистые блоки, прикрепленные к блоку с одной стороны и сверху) дерева с помощью $(thing)Топора$(). Саженцы также могут быть посажены на эти 'локтевые' секции, если они не слишком высоко на дереве. Это позволяет одному фруктовому дереву выращивать несколько фруктов. Сбор фруктов производится с помощью $(item)$(k:key.use)$(), когда листовой блок несет плод. Это даст один фрукт и вернет растение к его растущей стадии, пока оно не впадет в состояние покоя на зиму."
    },
    {
      "type": "patchouli:text",
      "anchor": "cherry",
      "text": "$(bold)$(l:the_world/climate#temperature)Температура$(): 5 - 25 °C$(br)$(bold)$(l:mechanics/hydration)Осадки$(): 100 - 350мм$(br2)Вишневые деревья растут с января по март, начинают цвести в апреле и мае, и приносят плоды в июне.",
      "title": "Вишневое дерево"
    },
    {
      "type": "tfc:multimultiblock",
      "text": "Пример вишневого дерева.",
      "multiblocks": [
        {
          "pattern": [
            [
              "     ",
              "  L  ",
              "     ",
              "     ",
              "     "
            ],
            [
              "  L  ",
              " L1L ",
              "  L  ",
              "     ",
              "     "
            ],
            [
              "  L  ",
              " L1L ",
              "  L  ",
              "     ",
              "     "
            ],
            [
              "  L  ",
              " L3L ",
              " L2L ",
              "  L  ",
              "     "
            ],
            [
              "     ",
              "     ",
              "  0  ",
              "     ",
              "     "
            ],
            [
              "     ",
              "     ",
              "  1  ",
              "     ",
              "     "
            ]
          ],
          "mapping": {
            "0": "tfc:plant/cherry_branch[down=true,up=true]",
            "1": "tfc:plant/cherry_branch[down=true,up=true]",
            "2": "tfc:plant/cherry_branch[down=true,west=true]",
            "3": "tfc:plant/cherry_branch[east=true,up=true]",
            "L": "tfc:plant/cherry_leaves[lifecycle=dormant]"
          }
        },
        {
          "pattern": [
            [
              "     ",
              "  L  ",
              "     ",
              "     ",
              "     "
            ],
            [
              "  L  ",
              " L1L ",
              "  L  ",
              "     ",
              "     "
            ],
            [
              "  L  ",
              " L1L ",
              "  L  ",
              "     ",
              "     "
            ],
            [
              "  L  ",
              " L3L ",
              " L2L ",
              "  L  ",
              "     "
            ],
            [
              "     ",
              "     ",
              "  0  ",
              "     ",
              "     "
            ],
            [
              "     ",
              "     ",
              "  1  ",
              "     ",
              "     "
            ]
          ],
          "mapping": {
            "0": "tfc:plant/cherry_branch[down=true,up=true]",
            "1": "tfc:plant/cherry_branch[down=true,up=true]",
            "2": "tfc:plant/cherry_branch[down=true,west=true]",
            "3": "tfc:plant/cherry_branch[east=true,up=true]",
            "L": "tfc:plant/cherry_leaves[lifecycle=healthy]"
          }
        },
        {
          "pattern": [
            [
              "     ",
              "  L  ",
              "     ",
              "     ",
              "     "
            ],
            [
              "  L  ",
              " L1L ",
              "  L  ",
              "     ",
              "     "
            ],
            [
              "  L  ",
              " L1L ",
              "  L  ",
              "     ",
              "     "
            ],
            [
              "  L  ",
              " L3L ",
              " L2L ",
              "  L  ",
              "     "
            ],
            [
              "     ",
              "     ",
              "  0  ",
              "     ",
              "     "
            ],
            [
              "     ",
              "     ",
              "  1  ",
              "     ",
              "     "
            ]
          ],
          "mapping": {
            "0": "tfc:plant/cherry_branch[down=true,up=true]",
            "1": "tfc:plant/cherry_branch[down=true,up=true]",
            "2": "tfc:plant/cherry_branch[down=true,west=true]",
            "3": "tfc:plant/cherry_branch[east=true,up=true]",
            "L": "tfc:plant/cherry_leaves[lifecycle=flowering]"
          }
        },
        {
          "pattern": [
            [
              "     ",
              "  L  ",
              "     ",
              "     ",
              "     "
            ],
            [
              "  L  ",
              " L1L ",
              "  L  ",
              "     ",
              "     "
            ],
            [
              "  L  ",
              " L1L ",
              "  L  ",
              "     ",
              "     "
            ],
            [
              "  L  ",
              " L3L ",
              " L2L ",
              "  L  ",
              "     "
            ],
            [
              "     ",
              "     ",
              "  0  ",
              "     ",
              "     "
            ],
            [
              "     ",
              "     ",
              "  1  ",
              "     ",
              "     "
            ]
          ],
          "mapping": {
            "0": "tfc:plant/cherry_branch[down=true,up=true]",
            "1": "tfc:plant/cherry_branch[down=true,up=true]",
            "2": "tfc:plant/cherry_branch[down=true,west=true]",
            "3": "tfc:plant/cherry_branch[east=true,up=true]",
            "L": "tfc:plant/cherry_leaves[lifecycle=fruiting]"
          }
        }
      ]
    },
    {
      "type": "patchouli:text",
      "anchor": "green_apple",
      "text": "$(bold)$(l:the_world/climate#temperature)Температура$(): 1 - 25 °C$(br)$(bold)$(l:mechanics/hydration)Осадки$(): 110 - 280мм$(br2)Зеленые яблони растут с марта по июль, начинают цвести в августе и сентябре, и приносят плоды в октябре.",
      "title": "Зеленая яблоня"
    },
    {
      "type": "tfc:multimultiblock",
      "text": "Пример зеленого яблоневого дерева.",
      "multiblocks": [
        {
          "pattern": [
            [
              "     ",
              "  L  ",
              "     ",
              "     ",
              "     "
            ],
            [
              "  L  ",
              " L1L ",
              "  L  ",
              "     ",
              "     "
            ],
            [
              "  L  ",
              " L1L ",
              "  L  ",
              "     ",
              "     "
            ],
            [
              "  L  ",
              " L3L ",
              " L2L ",
              "  L  ",
              "     "
            ],
            [
              "     ",
              "     ",
              "  0  ",
              "     ",
              "     "
            ],
            [
              "     ",
              "     ",
              "  1  ",
              "     ",
              "     "
            ]
          ],
          "mapping": {
            "0": "tfc:plant/green_apple_branch[down=true,up=true]",
            "1": "tfc:plant/green_apple_branch[down=true,up=true]",
            "2": "tfc:plant/green_apple_branch[down=true,west=true]",
            "3": "tfc:plant/green_apple_branch[east=true,up=true]",
            "L": "tfc:plant/green_apple_leaves[lifecycle=dormant]"
          }
        },
        {
          "pattern": [
            [
              "     ",
              "  L  ",
              "     ",
              "     ",
              "     "
            ],
            [
              "  L  ",
              " L1L ",
              "  L  ",
              "     ",
              "     "
            ],
            [
              "  L  ",
              " L1L ",
              "  L  ",
              "     ",
              "     "
            ],
            [
              "  L  ",
              " L3L ",
              " L2L ",
              "  L  ",
              "     "
            ],
            [
              "     ",
              "     ",
              "  0  ",
              "     ",
              "     "
            ],
            [
              "     ",
              "     ",
              "  1  ",
              "     ",
              "     "
            ]
          ],
          "mapping": {
            "0": "tfc:plant/green_apple_branch[down=true,up=true]",
            "1": "tfc:plant/green_apple_branch[down=true,up=true]",
            "2": "tfc:plant/green_apple_branch[down=true,west=true]",
            "3": "tfc:plant/green_apple_branch[east=true,up=true]",
            "L": "tfc:plant/green_apple_leaves[lifecycle=healthy]"
          }
        },
        {
          "pattern": [
            [
              "     ",
              "  L  ",
              "     ",
              "     ",
              "     "
            ],
            [
              "  L  ",
              " L1L ",
              "  L  ",
              "     ",
              "     "
            ],
            [
              "  L  ",
              " L1L ",
              "  L  ",
              "     ",
              "     "
            ],
            [
              "  L  ",
              " L3L ",
              " L2L ",
              "  L  ",
              "     "
            ],
            [
              "     ",
              "     ",
              "  0  ",
              "     ",
              "     "
            ],
            [
              "     ",
              "     ",
              "  1  ",
              "     ",
              "     "
            ]
          ],
          "mapping": {
            "0": "tfc:plant/green_apple_branch[down=true,up=true]",
            "1": "tfc:plant/green_apple_branch[down=true,up=true]",
            "2": "tfc:plant/green_apple_branch[down=true,west=true]",
            "3": "tfc:plant/green_apple_branch[east=true,up=true]",
            "L": "tfc:plant/green_apple_leaves[lifecycle=flowering]"
          }
        },
        {
          "pattern": [
            [
              "     ",
              "  L  ",
              "     ",
              "     ",
              "     "
            ],
            [
              "  L  ",
              " L1L ",
              "  L  ",
              "     ",
              "     "
            ],
            [
              "  L  ",
              " L1L ",
              "  L  ",
              "     ",
              "     "
            ],
            [
              "  L  ",
              " L3L ",
              " L2L ",
              "  L  ",
              "     "
            ],
            [
              "     ",
              "     ",
              "  0  ",
              "     ",
              "     "
            ],
            [
              "     ",
              "     ",
              "  1  ",
              "     ",
              "     "
            ]
          ],
          "mapping": {
            "0": "tfc:plant/green_apple_branch[down=true,up=true]",
            "1": "tfc:plant/green_apple_branch[down=true,up=true]",
            "2": "tfc:plant/green_apple_branch[down=true,west=true]",
            "3": "tfc:plant/green_apple_branch[east=true,up=true]",
            "L": "tfc:plant/green_apple_leaves[lifecycle=fruiting]"
          }
        }
      ]
    },
    {
      "type": "patchouli:text",
      "anchor": "lemon",
      "text": "$(bold)$(l:the_world/climate#temperature)Температура$(): 10 - 30 °C$(br)$(bold)$(l:mechanics/hydration)Осадки$(): 180 - 470мм$(br2)Лимонные деревья растут с февраля по май, начинают цвести в июне и июле, и приносят плоды в августе.",
      "title": "Лимонное дерево"
    },
    {
      "type": "tfc:multimultiblock",
      "text": "Пример лимонного дерева.",
      "multiblocks": [
        {
          "pattern": [
            [
              "     ",
              "  L  ",
              "     ",
              "     ",
              "     "
            ],
            [
              "  L  ",
              " L1L ",
              "  L  ",
              "     ",
              "     "
            ],
            [
              "  L  ",
              " L1L ",
              "  L  ",
              "     ",
              "     "
            ],
            [
              "  L  ",
              " L3L ",
              " L2L ",
              "  L  ",
              "     "
            ],
            [
              "     ",
              "     ",
              "  0  ",
              "     ",
              "     "
            ],
            [
              "     ",
              "     ",
              "  1  ",
              "     ",
              "     "
            ]
          ],
          "mapping": {
            "0": "tfc:plant/lemon_branch[down=true,up=true]",
            "1": "tfc:plant/lemon_branch[down=true,up=true]",
            "2": "tfc:plant/lemon_branch[down=true,west=true]",
            "3": "tfc:plant/lemon_branch[east=true,up=true]",
            "L": "tfc:plant/lemon_leaves[lifecycle=dormant]"
          }
        },
        {
          "pattern": [
            [
              "     ",
              "  L  ",
              "     ",
              "     ",
              "     "
            ],
            [
              "  L  ",
              " L1L ",
              "  L  ",
              "     ",
              "     "
            ],
            [
              "  L  ",
              " L1L ",
              "  L  ",
              "     ",
              "     "
            ],
            [
              "  L  ",
              " L3L ",
              " L2L ",
              "  L  ",
              "     "
            ],
            [
              "     ",
              "     ",
              "  0  ",
              "     ",
              "     "
            ],
            [
              "     ",
              "     ",
              "  1  ",
              "     ",
              "     "
            ]
          ],
          "mapping": {
            "0": "tfc:plant/lemon_branch[down=true,up=true]",
            "1": "tfc:plant/lemon_branch[down=true,up=true]",
            "2": "tfc:plant/lemon_branch[down=true,west=true]",
            "3": "tfc:plant/lemon_branch[east=true,up=true]",
            "L": "tfc:plant/lemon_leaves[lifecycle=healthy]"
          }
        },
        {
          "pattern": [
            [
              "     ",
              "  L  ",
              "     ",
              "     ",
              "     "
            ],
            [
              "  L  ",
              " L1L ",
              "  L  ",
              "     ",
              "     "
            ],
            [
              "  L  ",
              " L1L ",
              "  L  ",
              "     ",
              "     "
            ],
            [
              "  L  ",
              " L3L ",
              " L2L ",
              "  L  ",
              "     "
            ],
            [
              "     ",
              "     ",
              "  0  ",
              "     ",
              "     "
            ],
            [
              "     ",
              "     ",
              "  1  ",
              "     ",
              "     "
            ]
          ],
          "mapping": {
            "0": "tfc:plant/lemon_branch[down=true,up=true]",
            "1": "tfc:plant/lemon_branch[down=true,up=true]",
            "2": "tfc:plant/lemon_branch[down=true,west=true]",
            "3": "tfc:plant/lemon_branch[east=true,up=true]",
            "L": "tfc:plant/lemon_leaves[lifecycle=flowering]"
          }
        },
        {
          "pattern": [
            [
              "     ",
              "  L  ",
              "     ",
              "     ",
              "     "
            ],
            [
              "  L  ",
              " L1L ",
              "  L  ",
              "     ",
              "     "
            ],
            [
              "  L  ",
              " L1L ",
              "  L  ",
              "     ",
              "     "
            ],
            [
              "  L  ",
              " L3L ",
              " L2L ",
              "  L  ",
              "     "
            ],
            [
              "     ",
              "     ",
              "  0  ",
              "     ",
              "     "
            ],
            [
              "     ",
              "     ",
              "  1  ",
              "     ",
              "     "
            ]
          ],
          "mapping": {
            "0": "tfc:plant/lemon_branch[down=true,up=true]",
            "1": "tfc:plant/lemon_branch[down=true,up=true]",
            "2": "tfc:plant/lemon_branch[down=true,west=true]",
            "3": "tfc:plant/lemon_branch[east=true,up=true]",
            "L": "tfc:plant/lemon_leaves[lifecycle=fruiting]"
          }
        }
      ]
    },
    {
      "type": "patchouli:text",
      "anchor": "olive",
      "text": "$(bold)$(l:the_world/climate#temperature)Температура$(): 5 - 30 °C$(br)$(bold)$(l:mechanics/hydration)Осадки$(): 150 - 500мм$(br2)Оливковые деревья растут с марта по июль, начинают цвести в августе и сентябре, и приносят плоды в октябре.$(br2)Оливки можно использовать для производства $(l:mechanics/lamps#olives)Оливкового масла$(), которое может использоваться в качестве топлива для ламп.",
      "title": "Оливковое дерево"
    },
    {
      "type": "tfc:multimultiblock",
      "text": "Пример оливкового дерева.",
      "multiblocks": [
        {
          "pattern": [
            [
              "     ",
              "  L  ",
              "     ",
              "     ",
              "     "
            ],
            [
              "  L  ",
              " L1L ",
              "  L  ",
              "     ",
              "     "
            ],
            [
              "  L  ",
              " L1L ",
              "  L  ",
              "     ",
              "     "
            ],
            [
              "  L  ",
              " L3L ",
              " L2L ",
              "  L  ",
              "     "
            ],
            [
              "     ",
              "     ",
              "  0  ",
              "     ",
              "     "
            ],
            [
              "     ",
              "     ",
              "  1  ",
              "     ",
              "     "
            ]
          ],
          "mapping": {
            "0": "tfc:plant/olive_branch[down=true,up=true]",
            "1": "tfc:plant/olive_branch[down=true,up=true]",
            "2": "tfc:plant/olive_branch[down=true,west=true]",
            "3": "tfc:plant/olive_branch[east=true,up=true]",
            "L": "tfc:plant/olive_leaves[lifecycle=dormant]"
          }
        },
        {
          "pattern": [
            [
              "     ",
              "  L  ",
              "     ",
              "     ",
              "     "
            ],
            [
              "  L  ",
              " L1L ",
              "  L  ",
              "     ",
              "     "
            ],
            [
              "  L  ",
              " L1L ",
              "  L  ",
              "     ",
              "     "
            ],
            [
              "  L  ",
              " L3L ",
              " L2L ",
              "  L  ",
              "     "
            ],
            [
              "     ",
              "     ",
              "  0  ",
              "     ",
              "     "
            ],
            [
              "     ",
              "     ",
              "  1  ",
              "     ",
              "     "
            ]
          ],
          "mapping": {
            "0": "tfc:plant/olive_branch[down=true,up=true]",
            "1": "tfc:plant/olive_branch[down=true,up=true]",
            "2": "tfc:plant/olive_branch[down=true,west=true]",
            "3": "tfc:plant/olive_branch[east=true,up=true]",
            "L": "tfc:plant/olive_leaves[lifecycle=healthy]"
          }
        },
        {
          "pattern": [
            [
              "     ",
              "  L  ",
              "     ",
              "     ",
              "     "
            ],
            [
              "  L  ",
              " L1L ",
              "  L  ",
              "     ",
              "     "
            ],
            [
              "  L  ",
              " L1L ",
              "  L  ",
              "     ",
              "     "
            ],
            [
              "  L  ",
              " L3L ",
              " L2L ",
              "  L  ",
              "     "
            ],
            [
              "     ",
              "     ",
              "  0  ",
              "     ",
              "     "
            ],
            [
              "     ",
              "     ",
              "  1  ",
              "     ",
              "     "
            ]
          ],
          "mapping": {
            "0": "tfc:plant/olive_branch[down=true,up=true]",
            "1": "tfc:plant/olive_branch[down=true,up=true]",
            "2": "tfc:plant/olive_branch[down=true,west=true]",
            "3": "tfc:plant/olive_branch[east=true,up=true]",
            "L": "tfc:plant/olive_leaves[lifecycle=flowering]"
          }
        },
        {
          "pattern": [
            [
              "     ",
              "  L  ",
              "     ",
              "     ",
              "     "
            ],
            [
              "  L  ",
              " L1L ",
              "  L  ",
              "     ",
              "     "
            ],
            [
              "  L  ",
              " L1L ",
              "  L  ",
              "     ",
              "     "
            ],
            [
              "  L  ",
              " L3L ",
              " L2L ",
              "  L  ",
              "     "
            ],
            [
              "     ",
              "     ",
              "  0  ",
              "     ",
              "     "
            ],
            [
              "     ",
              "     ",
              "  1  ",
              "     ",
              "     "
            ]
          ],
          "mapping": {
            "0": "tfc:plant/olive_branch[down=true,up=true]",
            "1": "tfc:plant/olive_branch[down=true,up=true]",
            "2": "tfc:plant/olive_branch[down=true,west=true]",
            "3": "tfc:plant/olive_branch[east=true,up=true]",
            "L": "tfc:plant/olive_leaves[lifecycle=fruiting]"
          }
        }
      ]
    },
    {
      "type": "patchouli:text",
      "anchor": "orange",
      "text": "$(bold)$(l:the_world/climate#temperature)Температура$(): 15 - 36 °C$(br)$(bold)$(l:mechanics/hydration)Осадки$(): 250 - 500мм$(br2)Апельсиновые деревья растут с марта по июнь, начинают цвести в июле и августе, и приносят плоды в сентябре.",
      "title": "Апельсиновое дерево"
    },
    {
      "type": "tfc:multimultiblock",
      "text": "Пример апельсинового дерева.",
      "multiblocks": [
        {
          "pattern": [
            [
              "     ",
              "  L  ",
              "     ",
              "     ",
              "     "
            ],
            [
              "  L  ",
              " L1L ",
              "  L  ",
              "     ",
              "     "
            ],
            [
              "  L  ",
              " L1L ",
              "  L  ",
              "     ",
              "     "
            ],
            [
              "  L  ",
              " L3L ",
              " L2L ",
              "  L  ",
              "     "
            ],
            [
              "     ",
              "     ",
              "  0  ",
              "     ",
              "     "
            ],
            [
              "     ",
              "     ",
              "  1  ",
              "     ",
              "     "
            ]
          ],
          "mapping": {
            "0": "tfc:plant/orange_branch[down=true,up=true]",
            "1": "tfc:plant/orange_branch[down=true,up=true]",
            "2": "tfc:plant/orange_branch[down=true,west=true]",
            "3": "tfc:plant/orange_branch[east=true,up=true]",
            "L": "tfc:plant/orange_leaves[lifecycle=dormant]"
          }
        },
        {
          "pattern": [
            [
              "     ",
              "  L  ",
              "     ",
              "     ",
              "     "
            ],
            [
              "  L  ",
              " L1L ",
              "  L  ",
              "     ",
              "     "
            ],
            [
              "  L  ",
              " L1L ",
              "  L  ",
              "     ",
              "     "
            ],
            [
              "  L  ",
              " L3L ",
              " L2L ",
              "  L  ",
              "     "
            ],
            [
              "     ",
              "     ",
              "  0  ",
              "     ",
              "     "
            ],
            [
              "     ",
              "     ",
              "  1  ",
              "     ",
              "     "
            ]
          ],
          "mapping": {
            "0": "tfc:plant/orange_branch[down=true,up=true]",
            "1": "tfc:plant/orange_branch[down=true,up=true]",
            "2": "tfc:plant/orange_branch[down=true,west=true]",
            "3": "tfc:plant/orange_branch[east=true,up=true]",
            "L": "tfc:plant/orange_leaves[lifecycle=healthy]"
          }
        },
        {
          "pattern": [
            [
              "     ",
              "  L  ",
              "     ",
              "     ",
              "     "
            ],
            [
              "  L  ",
              " L1L ",
              "  L  ",
              "     ",
              "     "
            ],
            [
              "  L  ",
              " L1L ",
              "  L  ",
              "     ",
              "     "
            ],
            [
              "  L  ",
              " L3L ",
              " L2L ",
              "  L  ",
              "     "
            ],
            [
              "     ",
              "     ",
              "  0  ",
              "     ",
              "     "
            ],
            [
              "     ",
              "     ",
              "  1  ",
              "     ",
              "     "
            ]
          ],
          "mapping": {
            "0": "tfc:plant/orange_branch[down=true,up=true]",
            "1": "tfc:plant/orange_branch[down=true,up=true]",
            "2": "tfc:plant/orange_branch[down=true,west=true]",
            "3": "tfc:plant/orange_branch[east=true,up=true]",
            "L": "tfc:plant/orange_leaves[lifecycle=flowering]"
          }
        },
        {
          "pattern": [
            [
              "     ",
              "  L  ",
              "     ",
              "     ",
              "     "
            ],
            [
              "  L  ",
              " L1L ",
              "  L  ",
              "     ",
              "     "
            ],
            [
              "  L  ",
              " L1L ",
              "  L  ",
              "     ",
              "     "
            ],
            [
              "  L  ",
              " L3L ",
              " L2L ",
              "  L  ",
              "     "
            ],
            [
              "     ",
              "     ",
              "  0  ",
              "     ",
              "     "
            ],
            [
              "     ",
              "     ",
              "  1  ",
              "     ",
              "     "
            ]
          ],
          "mapping": {
            "0": "tfc:plant/orange_branch[down=true,up=true]",
            "1": "tfc:plant/orange_branch[down=true,up=true]",
            "2": "tfc:plant/orange_branch[down=true,west=true]",
            "3": "tfc:plant/orange_branch[east=true,up=true]",
            "L": "tfc:plant/orange_leaves[lifecycle=fruiting]"
          }
        }
      ]
    },
    {
      "type": "patchouli:text",
      "anchor": "peach",
      "text": "$(bold)$(l:the_world/climate#temperature)Температура$(): 4 - 27 °C$(br)$(bold)$(l:mechanics/hydration)Осадки$(): 60 - 230мм$(br2)Персиковые деревья растут с декабря по март, начинают цвести в апреле и мае, и приносят плоды в июне.",
      "title": "Персиковое дерево"
    },
    {
      "type": "tfc:multimultiblock",
      "text": "Пример персикового дерева.",
      "multiblocks": [
        {
          "pattern": [
            [
              "     ",
              "  L  ",
              "     ",
              "     ",
              "     "
            ],
            [
              "  L  ",
              " L1L ",
              "  L  ",
              "     ",
              "     "
            ],
            [
              "  L  ",
              " L1L ",
              "  L  ",
              "     ",
              "     "
            ],
            [
              "  L  ",
              " L3L ",
              " L2L ",
              "  L  ",
              "     "
            ],
            [
              "     ",
              "     ",
              "  0  ",
              "     ",
              "     "
            ],
            [
              "     ",
              "     ",
              "  1  ",
              "     ",
              "     "
            ]
          ],
          "mapping": {
            "0": "tfc:plant/peach_branch[down=true,up=true]",
            "1": "tfc:plant/peach_branch[down=true,up=true]",
            "2": "tfc:plant/peach_branch[down=true,west=true]",
            "3": "tfc:plant/peach_branch[east=true,up=true]",
            "L": "tfc:plant/peach_leaves[lifecycle=dormant]"
          }
        },
        {
          "pattern": [
            [
              "     ",
              "  L  ",
              "     ",
              "     ",
              "     "
            ],
            [
              "  L  ",
              " L1L ",
              "  L  ",
              "     ",
              "     "
            ],
            [
              "  L  ",
              " L1L ",
              "  L  ",
              "     ",
              "     "
            ],
            [
              "  L  ",
              " L3L ",
              " L2L ",
              "  L  ",
              "     "
            ],
            [
              "     ",
              "     ",
              "  0  ",
              "     ",
              "     "
            ],
            [
              "     ",
              "     ",
              "  1  ",
              "     ",
              "     "
            ]
          ],
          "mapping": {
            "0": "tfc:plant/peach_branch[down=true,up=true]",
            "1": "tfc:plant/peach_branch[down=true,up=true]",
            "2": "tfc:plant/peach_branch[down=true,west=true]",
            "3": "tfc:plant/peach_branch[east=true,up=true]",
            "L": "tfc:plant/peach_leaves[lifecycle=healthy]"
          }
        },
        {
          "pattern": [
            [
              "     ",
              "  L  ",
              "     ",
              "     ",
              "     "
            ],
            [
              "  L  ",
              " L1L ",
              "  L  ",
              "     ",
              "     "
            ],
            [
              "  L  ",
              " L1L ",
              "  L  ",
              "     ",
              "     "
            ],
            [
              "  L  ",
              " L3L ",
              " L2L ",
              "  L  ",
              "     "
            ],
            [
              "     ",
              "     ",
              "  0  ",
              "     ",
              "     "
            ],
            [
              "     ",
              "     ",
              "  1  ",
              "     ",
              "     "
            ]
          ],
          "mapping": {
            "0": "tfc:plant/peach_branch[down=true,up=true]",
            "1": "tfc:plant/peach_branch[down=true,up=true]",
            "2": "tfc:plant/peach_branch[down=true,west=true]",
            "3": "tfc:plant/peach_branch[east=true,up=true]",
            "L": "tfc:plant/peach_leaves[lifecycle=flowering]"
          }
        },
        {
          "pattern": [
            [
              "     ",
              "  L  ",
              "     ",
              "     ",
              "     "
            ],
            [
              "  L  ",
              " L1L ",
              "  L  ",
              "     ",
              "     "
            ],
            [
              "  L  ",
              " L1L ",
              "  L  ",
              "     ",
              "     "
            ],
            [
              "  L  ",
              " L3L ",
              " L2L ",
              "  L  ",
              "     "
            ],
            [
              "     ",
              "     ",
              "  0  ",
              "     ",
              "     "
            ],
            [
              "     ",
              "     ",
              "  1  ",
              "     ",
              "     "
            ]
          ],
          "mapping": {
            "0": "tfc:plant/peach_branch[down=true,up=true]",
            "1": "tfc:plant/peach_branch[down=true,up=true]",
            "2": "tfc:plant/peach_branch[down=true,west=true]",
            "3": "tfc:plant/peach_branch[east=true,up=true]",
            "L": "tfc:plant/peach_leaves[lifecycle=fruiting]"
          }
        }
      ]
    },
    {
      "type": "patchouli:text",
      "anchor": "plum",
      "text": "$(bold)$(l:the_world/climate#temperature)Температура$(): 15 - 31 °C$(br)$(bold)$(l:mechanics/hydration)Осадки$(): 250 - 400мм$(br2)Сливовые деревья растут с января по апрель, начинают цветение в мае и июне, и приносят плоды в июле.",
      "title": "Сливовое дерево"
    },
    {
      "type": "tfc:multimultiblock",
      "text": "Пример сливового дерева.",
      "multiblocks": [
        {
          "pattern": [
            [
              "     ",
              "  L  ",
              "     ",
              "     ",
              "     "
            ],
            [
              "  L  ",
              " L1L ",
              "  L  ",
              "     ",
              "     "
            ],
            [
              "  L  ",
              " L1L ",
              "  L  ",
              "     ",
              "     "
            ],
            [
              "  L  ",
              " L3L ",
              " L2L ",
              "  L  ",
              "     "
            ],
            [
              "     ",
              "     ",
              "  0  ",
              "     ",
              "     "
            ],
            [
              "     ",
              "     ",
              "  1  ",
              "     ",
              "     "
            ]
          ],
          "mapping": {
            "0": "tfc:plant/plum_branch[down=true,up=true]",
            "1": "tfc:plant/plum_branch[down=true,up=true]",
            "2": "tfc:plant/plum_branch[down=true,west=true]",
            "3": "tfc:plant/plum_branch[east=true,up=true]",
            "L": "tfc:plant/plum_leaves[lifecycle=dormant]"
          }
        },
        {
          "pattern": [
            [
              "     ",
              "  L  ",
              "     ",
              "     ",
              "     "
            ],
            [
              "  L  ",
              " L1L ",
              "  L  ",
              "     ",
              "     "
            ],
            [
              "  L  ",
              " L1L ",
              "  L  ",
              "     ",
              "     "
            ],
            [
              "  L  ",
              " L3L ",
              " L2L ",
              "  L  ",
              "     "
            ],
            [
              "     ",
              "     ",
              "  0  ",
              "     ",
              "     "
            ],
            [
              "     ",
              "     ",
              "  1  ",
              "     ",
              "     "
            ]
          ],
          "mapping": {
            "0": "tfc:plant/plum_branch[down=true,up=true]",
            "1": "tfc:plant/plum_branch[down=true,up=true]",
            "2": "tfc:plant/plum_branch[down=true,west=true]",
            "3": "tfc:plant/plum_branch[east=true,up=true]",
            "L": "tfc:plant/plum_leaves[lifecycle=healthy]"
          }
        },
        {
          "pattern": [
            [
              "     ",
              "  L  ",
              "     ",
              "     ",
              "     "
            ],
            [
              "  L  ",
              " L1L ",
              "  L  ",
              "     ",
              "     "
            ],
            [
              "  L  ",
              " L1L ",
              "  L  ",
              "     ",
              "     "
            ],
            [
              "  L  ",
              " L3L ",
              " L2L ",
              "  L  ",
              "     "
            ],
            [
              "     ",
              "     ",
              "  0  ",
              "     ",
              "     "
            ],
            [
              "     ",
              "     ",
              "  1  ",
              "     ",
              "     "
            ]
          ],
          "mapping": {
            "0": "tfc:plant/plum_branch[down=true,up=true]",
            "1": "tfc:plant/plum_branch[down=true,up=true]",
            "2": "tfc:plant/plum_branch[down=true,west=true]",
            "3": "tfc:plant/plum_branch[east=true,up=true]",
            "L": "tfc:plant/plum_leaves[lifecycle=flowering]"
          }
        },
        {
          "pattern": [
            [
              "     ",
              "  L  ",
              "     ",
              "     ",
              "     "
            ],
            [
              "  L  ",
              " L1L ",
              "  L  ",
              "     ",
              "     "
            ],
            [
              "  L  ",
              " L1L ",
              "  L  ",
              "     ",
              "     "
            ],
            [
              "  L  ",
              " L3L ",
              " L2L ",
              "  L  ",
              "     "
            ],
            [
              "     ",
              "     ",
              "  0  ",
              "     ",
              "     "
            ],
            [
              "     ",
              "     ",
              "  1  ",
              "     ",
              "     "
            ]
          ],
          "mapping": {
            "0": "tfc:plant/plum_branch[down=true,up=true]",
            "1": "tfc:plant/plum_branch[down=true,up=true]",
            "2": "tfc:plant/plum_branch[down=true,west=true]",
            "3": "tfc:plant/plum_branch[east=true,up=true]",
            "L": "tfc:plant/plum_leaves[lifecycle=fruiting]"
          }
        }
      ]
    },
    {
      "type": "patchouli:text",
      "anchor": "red_apple",
      "text": "$(bold)$(l:the_world/climate#temperature)Температура$(): 1 - 25 °C$(br)$(bold)$(l:mechanics/hydration)Осадки$(): 100 - 280мм$(br2)Красные яблони растут с марта по июль, начинают цветение в августе и сентябре, и приносят плоды в октябре.",
      "title": "Красная яблоня"
    },
    {
      "type": "tfc:multimultiblock",
      "text": "Пример красного яблоневого дерева.",
      "multiblocks": [
        {
          "pattern": [
            [
              "     ",
              "  L  ",
              "     ",
              "     ",
              "     "
            ],
            [
              "  L  ",
              " L1L ",
              "  L  ",
              "     ",
              "     "
            ],
            [
              "  L  ",
              " L1L ",
              "  L  ",
              "     ",
              "     "
            ],
            [
              "  L  ",
              " L3L ",
              " L2L ",
              "  L  ",
              "     "
            ],
            [
              "     ",
              "     ",
              "  0  ",
              "     ",
              "     "
            ],
            [
              "     ",
              "     ",
              "  1  ",
              "     ",
              "     "
            ]
          ],
          "mapping": {
            "0": "tfc:plant/red_apple_branch[down=true,up=true]",
            "1": "tfc:plant/red_apple_branch[down=true,up=true]",
            "2": "tfc:plant/red_apple_branch[down=true,west=true]",
            "3": "tfc:plant/red_apple_branch[east=true,up=true]",
            "L": "tfc:plant/red_apple_leaves[lifecycle=dormant]"
          }
        },
        {
          "pattern": [
            [
              "     ",
              "  L  ",
              "     ",
              "     ",
              "     "
            ],
            [
              "  L  ",
              " L1L ",
              "  L  ",
              "     ",
              "     "
            ],
            [
              "  L  ",
              " L1L ",
              "  L  ",
              "     ",
              "     "
            ],
            [
              "  L  ",
              " L3L ",
              " L2L ",
              "  L  ",
              "     "
            ],
            [
              "     ",
              "     ",
              "  0  ",
              "     ",
              "     "
            ],
            [
              "     ",
              "     ",
              "  1  ",
              "     ",
              "     "
            ]
          ],
          "mapping": {
            "0": "tfc:plant/red_apple_branch[down=true,up=true]",
            "1": "tfc:plant/red_apple_branch[down=true,up=true]",
            "2": "tfc:plant/red_apple_branch[down=true,west=true]",
            "3": "tfc:plant/red_apple_branch[east=true,up=true]",
            "L": "tfc:plant/red_apple_leaves[lifecycle=healthy]"
          }
        },
        {
          "pattern": [
            [
              "     ",
              "  L  ",
              "     ",
              "     ",
              "     "
            ],
            [
              "  L  ",
              " L1L ",
              "  L  ",
              "     ",
              "     "
            ],
            [
              "  L  ",
              " L1L ",
              "  L  ",
              "     ",
              "     "
            ],
            [
              "  L  ",
              " L3L ",
              " L2L ",
              "  L  ",
              "     "
            ],
            [
              "     ",
              "     ",
              "  0  ",
              "     ",
              "     "
            ],
            [
              "     ",
              "     ",
              "  1  ",
              "     ",
              "     "
            ]
          ],
          "mapping": {
            "0": "tfc:plant/red_apple_branch[down=true,up=true]",
            "1": "tfc:plant/red_apple_branch[down=true,up=true]",
            "2": "tfc:plant/red_apple_branch[down=true,west=true]",
            "3": "tfc:plant/red_apple_branch[east=true,up=true]",
            "L": "tfc:plant/red_apple_leaves[lifecycle=flowering]"
          }
        },
        {
          "pattern": [
            [
              "     ",
              "  L  ",
              "     ",
              "     ",
              "     "
            ],
            [
              "  L  ",
              " L1L ",
              "  L  ",
              "     ",
              "     "
            ],
            [
              "  L  ",
              " L1L ",
              "  L  ",
              "     ",
              "     "
            ],
            [
              "  L  ",
              " L3L ",
              " L2L ",
              "  L  ",
              "     "
            ],
            [
              "     ",
              "     ",
              "  0  ",
              "     ",
              "     "
            ],
            [
              "     ",
              "     ",
              "  1  ",
              "     ",
              "     "
            ]
          ],
          "mapping": {
            "0": "tfc:plant/red_apple_branch[down=true,up=true]",
            "1": "tfc:plant/red_apple_branch[down=true,up=true]",
            "2": "tfc:plant/red_apple_branch[down=true,west=true]",
            "3": "tfc:plant/red_apple_branch[east=true,up=true]",
            "L": "tfc:plant/red_apple_leaves[lifecycle=fruiting]"
          }
        }
      ]
    },
    {
      "type": "patchouli:text",
      "anchor": "banana",
      "text": "$(bold)$(l:the_world/climate#temperature)Температура$(): 17 - 35 °C$(br)$(bold)$(l:mechanics/hydration)Осадки$(): 280 - 500мм$(br2)Бананы - особый вид фруктовых деревьев. Они растут только вертикально, не имеют листьев и плодоносят только на самом верхнем блоке. Саженцы падают с цветущей части растения. После сбора урожая с бананового растения оно погибает и больше не приносит плодов. Его необходимо пересаживать весной.",
      "title": "Банановое дерево"
    },
    {
      "type": "tfc:multimultiblock",
      "text": "Пример бананового дерева.",
      "multiblocks": [
        {
          "pattern": [
            [
              "Y"
            ],
            [
              "X"
            ],
            [
              "X"
            ],
            [
              "X"
            ],
            [
              "0"
            ]
          ],
          "mapping": {
            "Y": "tfc:plant/banana_plant[stage=2,lifecycle=dormant]",
            "X": "tfc:plant/banana_plant[stage=1]",
            "0": "tfc:plant/banana_plant[stage=0]"
          }
        },
        {
          "pattern": [
            [
              "Y"
            ],
            [
              "X"
            ],
            [
              "X"
            ],
            [
              "X"
            ],
            [
              "0"
            ]
          ],
          "mapping": {
            "Y": "tfc:plant/banana_plant[stage=2,lifecycle=healthy]",
            "X": "tfc:plant/banana_plant[stage=1]",
            "0": "tfc:plant/banana_plant[stage=0]"
          }
        },
        {
          "pattern": [
            [
              "Y"
            ],
            [
              "X"
            ],
            [
              "X"
            ],
            [
              "X"
            ],
            [
              "0"
            ]
          ],
          "mapping": {
            "Y": "tfc:plant/banana_plant[stage=2,lifecycle=flowering]",
            "X": "tfc:plant/banana_plant[stage=1]",
            "0": "tfc:plant/banana_plant[stage=0]"
          }
        },
        {
          "pattern": [
            [
              "Y"
            ],
            [
              "X"
            ],
            [
              "X"
            ],
            [
              "X"
            ],
            [
              "0"
            ]
          ],
          "mapping": {
            "Y": "tfc:plant/banana_plant[stage=2,lifecycle=fruiting]",
            "X": "tfc:plant/banana_plant[stage=1]",
            "0": "tfc:plant/banana_plant[stage=0]"
          }
        }
      ]
    },
    {
      "type": "tfc:table",
      "strings": [
        {
          "text": ""
        },
        {
          "text": "Jan"
        },
        {
          "text": "Feb"
        },
        {
          "text": "Mar"
        },
        {
          "text": "Apr"
        },
        {
          "text": "May"
        },
        {
          "text": "Jun"
        },
        {
          "text": "Jul"
        },
        {
          "text": "Aug"
        },
        {
          "text": "Sep"
        },
        {
          "text": "Oct"
        },
        {
          "text": "Nov"
        },
        {
          "text": "Dec"
        },
        {
          "text": "Cherry"
        },
        {
          "fill": "0x6ab553"
        },
        {
          "fill": "0x6ab553"
        },
        {
          "fill": "0x6ab553"
        },
        {
          "fill": "0xcca0db"
        },
        {
          "fill": "0xcca0db"
        },
        {
          "fill": "0xa217ff"
        },
        {
          "fill": "0xa8986a"
        },
        {
          "fill": "0xa8986a"
        },
        {
          "fill": "0xa8986a"
        },
        {
          "fill": "0xa8986a"
        },
        {
          "fill": "0xa8986a"
        },
        {
          "fill": "0xa8986a"
        },
        {
          "text": "Apple"
        },
        {
          "fill": "0xa8986a"
        },
        {
          "fill": "0xa8986a"
        },
        {
          "fill": "0x6ab553"
        },
        {
          "fill": "0x6ab553"
        },
        {
          "fill": "0x6ab553"
        },
        {
          "fill": "0x6ab553"
        },
        {
          "fill": "0x6ab553"
        },
        {
          "fill": "0xcca0db"
        },
        {
          "fill": "0xcca0db"
        },
        {
          "fill": "0xa217ff"
        },
        {
          "fill": "0xa8986a"
        },
        {
          "fill": "0xa8986a"
        },
        {
          "text": "Lemon"
        },
        {
          "fill": "0xa8986a"
        },
        {
          "fill": "0x6ab553"
        },
        {
          "fill": "0x6ab553"
        },
        {
          "fill": "0x6ab553"
        },
        {
          "fill": "0x6ab553"
        },
        {
          "fill": "0xcca0db"
        },
        {
          "fill": "0xcca0db"
        },
        {
          "fill": "0xa217ff"
        },
        {
          "fill": "0xa8986a"
        },
        {
          "fill": "0xa8986a"
        },
        {
          "fill": "0xa8986a"
        },
        {
          "fill": "0xa8986a"
        },
        {
          "text": "Olive"
        },
        {
          "fill": "0xa8986a"
        },
        {
          "fill": "0xa8986a"
        },
        {
          "fill": "0x6ab553"
        },
        {
          "fill": "0x6ab553"
        },
        {
          "fill": "0x6ab553"
        },
        {
          "fill": "0x6ab553"
        },
        {
          "fill": "0x6ab553"
        },
        {
          "fill": "0xcca0db"
        },
        {
          "fill": "0xcca0db"
        },
        {
          "fill": "0xa217ff"
        },
        {
          "fill": "0xa8986a"
        },
        {
          "fill": "0xa8986a"
        },
        {
          "text": "Orange"
        },
        {
          "fill": "0xa8986a"
        },
        {
          "fill": "0xa8986a"
        },
        {
          "fill": "0x6ab553"
        },
        {
          "fill": "0x6ab553"
        },
        {
          "fill": "0x6ab553"
        },
        {
          "fill": "0x6ab553"
        },
        {
          "fill": "0xcca0db"
        },
        {
          "fill": "0xcca0db"
        },
        {
          "fill": "0xa217ff"
        },
        {
          "fill": "0xa8986a"
        },
        {
          "fill": "0xa8986a"
        },
        {
          "fill": "0xa8986a"
        },
        {
          "text": "Peach"
        },
        {
          "fill": "0x6ab553"
        },
        {
          "fill": "0x6ab553"
        },
        {
          "fill": "0x6ab553"
        },
        {
          "fill": "0xcca0db"
        },
        {
          "fill": "0xcca0db"
        },
        {
          "fill": "0xa217ff"
        },
        {
          "fill": "0xa8986a"
        },
        {
          "fill": "0xa8986a"
        },
        {
          "fill": "0xa8986a"
        },
        {
          "fill": "0xa8986a"
        },
        {
          "fill": "0xa8986a"
        },
        {
          "fill": "0x6ab553"
        },
        {
          "text": "Plum"
        },
        {
          "fill": "0x6ab553"
        },
        {
          "fill": "0x6ab553"
        },
        {
          "fill": "0x6ab553"
        },
        {
          "fill": "0x6ab553"
        },
        {
          "fill": "0xcca0db"
        },
        {
          "fill": "0xcca0db"
        },
        {
          "fill": "0xa217ff"
        },
        {
          "fill": "0xa8986a"
        },
        {
          "fill": "0xa8986a"
        },
        {
          "fill": "0xa8986a"
        },
        {
          "fill": "0xa8986a"
        },
        {
          "fill": "0xa8986a"
        },
        {
          "text": "Banana"
        },
        {
          "fill": "0xa8986a"
        },
        {
          "fill": "0xa8986a"
        },
        {
          "fill": "0xa8986a"
        },
        {
          "fill": "0x6ab553"
        },
        {
          "fill": "0x6ab553"
        },
        {
          "fill": "0x6ab553"
        },
        {
          "fill": "0x6ab553"
        },
        {
          "fill": "0xcca0db"
        },
        {
          "fill": "0xcca0db"
        },
        {
          "fill": "0xa217ff"
        },
        {
          "fill": "0xa8986a"
        },
        {
          "fill": "0xa8986a"
        }
      ],
      "text": "Календарь плодоношения фруктовых деревьев.",
      "title": "Фруктовые деревья",
      "legend": [
        {
          "text": "Dormant",
          "color": "0xa8986a"
        },
        {
          "text": "Healthy",
          "color": "0x6ab553"
        },
        {
          "text": "Flowering",
          "color": "0xcca0db"
        },
        {
          "text": "Fruiting",
          "color": "0xa217ff"
        }
      ],
      "columns": 12,
      "first_column_width": 45,
      "column_width": 15,
      "row_height": 10,
      "left_buffer": 5,
      "top_buffer": 11,
      "draw_background": true
    },
    {
      "type": "patchouli:empty",
      "draw_filler": false
    },
    {
      "type": "patchouli:text",
      "anchor": "tall_bushes",
      "text": "$(thing)Высокие кусты$() - это фруктовые блоки, которые могут расти во всех направлениях и распространяться. Они делают это, растя ровно вверх до трех блоков в высоту, или размещая $(thing)побеги$() сбоку, которые могут превратиться в полноценные кусты. Со временем кусты перестают распространяться и достигают зрелости. Сбор урожая с этих кустов острым инструментом может привести к выпадению нового куста. Полностью созревшие кусты всегда дают себя при сборе.",
      "title": "Высокие кусты"
    },
    {
      "type": "patchouli:image",
      "images": [
        "tfc:textures/gui/book/tutorial/berry_bush.png"
      ],
      "text": "Дикий высокий куст.",
      "border": true
    },
    {
      "type": "patchouli:text",
      "text": "Высокие кусты могут распространяться, когда их побеги имеют куда укорениться. На практике это означает, что им нужен твердый блок под ними для размещения нового куста. Создание плоской, открытой территории без травы или другого мусора дает им лучшие шансы на рост."
    },
    {
      "type": "patchouli:text",
      "text": "Кусты, в отличие от фруктовых деревьев, учитывают окружающие водные блоки для определения их $(l:mechanics/hydration)увлажненности$(), в отличие от фруктовых деревьев, которые зависят только от осадков.$(br)Любой полный блок куста может вырастить ягоды, которые можно собрать с помощью $(item)$(k:key.use)$()."
    },
    {
      "type": "patchouli:text",
      "anchor": "blackberry",
      "text": "$(bold)$(l:the_world/climate#temperature)Температура$(): 7 - 24 °C$(br)$(bold)$(l:mechanics/hydration)Осадки$(): 24 - 100мм$(br2)Ежевичные кусты растут с февраля по май, начинают цветение в июне и июле, и приносят плоды в августе.$(br2)Их можно найти в местах с небольшим количеством деревьев.",
      "title": "Ежевичный куст"
    },
    {
      "type": "tfc:multimultiblock",
      "text": "Пример ежевичного куста.",
      "multiblocks": [
        {
          "pattern": [
            [
              "X "
            ],
            [
              "YZ"
            ],
            [
              "AZ"
            ],
            [
              "0 "
            ]
          ],
          "mapping": {
            "X": "tfc:plant/blackberry_bush[stage=0,lifecycle=dormant]",
            "Y": "tfc:plant/blackberry_bush[stage=1,lifecycle=dormant]",
            "Z": "tfc:plant/blackberry_bush_cane[stage=0,lifecycle=dormant,facing=south]",
            "A": "tfc:plant/blackberry_bush[stage=2,lifecycle=dormant]"
          }
        },
        {
          "pattern": [
            [
              "X "
            ],
            [
              "YZ"
            ],
            [
              "AZ"
            ],
            [
              "0 "
            ]
          ],
          "mapping": {
            "X": "tfc:plant/blackberry_bush[stage=0,lifecycle=healthy]",
            "Y": "tfc:plant/blackberry_bush[stage=1,lifecycle=healthy]",
            "Z": "tfc:plant/blackberry_bush_cane[stage=0,lifecycle=healthy,facing=south]",
            "A": "tfc:plant/blackberry_bush[stage=2,lifecycle=healthy]"
          }
        },
        {
          "pattern": [
            [
              "X "
            ],
            [
              "YZ"
            ],
            [
              "AZ"
            ],
            [
              "0 "
            ]
          ],
          "mapping": {
            "X": "tfc:plant/blackberry_bush[stage=0,lifecycle=flowering]",
            "Y": "tfc:plant/blackberry_bush[stage=1,lifecycle=flowering]",
            "Z": "tfc:plant/blackberry_bush_cane[stage=0,lifecycle=flowering,facing=south]",
            "A": "tfc:plant/blackberry_bush[stage=2,lifecycle=flowering]"
          }
        },
        {
          "pattern": [
            [
              "X "
            ],
            [
              "YZ"
            ],
            [
              "AZ"
            ],
            [
              "0 "
            ]
          ],
          "mapping": {
            "X": "tfc:plant/blackberry_bush[stage=0,lifecycle=fruiting]",
            "Y": "tfc:plant/blackberry_bush[stage=1,lifecycle=fruiting]",
            "Z": "tfc:plant/blackberry_bush_cane[stage=0,lifecycle=fruiting,facing=south]",
            "A": "tfc:plant/blackberry_bush[stage=2,lifecycle=fruiting]"
          }
        }
      ]
    },
    {
      "type": "patchouli:text",
      "anchor": "raspberry",
      "text": "$(bold)$(l:the_world/climate#temperature)Температура$(): 5 - 25 °C$(br)$(bold)$(l:mechanics/hydration)Осадки$(): 24 - 100мм$(br2)Малиновые кусты растут с апреля по июль, начинают цветение в августе и сентябре, и приносят плоды в октябре.$(br2)Их можно найти в местах с небольшим количеством деревьев.",
      "title": "Малиновый куст"
    },
    {
      "type": "tfc:multimultiblock",
      "text": "Пример малинового куста.",
      "multiblocks": [
        {
          "pattern": [
            [
              "X "
            ],
            [
              "YZ"
            ],
            [
              "AZ"
            ],
            [
              "0 "
            ]
          ],
          "mapping": {
            "X": "tfc:plant/raspberry_bush[stage=0,lifecycle=dormant]",
            "Y": "tfc:plant/raspberry_bush[stage=1,lifecycle=dormant]",
            "Z": "tfc:plant/raspberry_bush_cane[stage=0,lifecycle=dormant,facing=south]",
            "A": "tfc:plant/raspberry_bush[stage=2,lifecycle=dormant]"
          }
        },
        {
          "pattern": [
            [
              "X "
            ],
            [
              "YZ"
            ],
            [
              "AZ"
            ],
            [
              "0 "
            ]
          ],
          "mapping": {
            "X": "tfc:plant/raspberry_bush[stage=0,lifecycle=healthy]",
            "Y": "tfc:plant/raspberry_bush[stage=1,lifecycle=healthy]",
            "Z": "tfc:plant/raspberry_bush_cane[stage=0,lifecycle=healthy,facing=south]",
            "A": "tfc:plant/raspberry_bush[stage=2,lifecycle=healthy]"
          }
        },
        {
          "pattern": [
            [
              "X "
            ],
            [
              "YZ"
            ],
            [
              "AZ"
            ],
            [
              "0 "
            ]
          ],
          "mapping": {
            "X": "tfc:plant/raspberry_bush[stage=0,lifecycle=flowering]",
            "Y": "tfc:plant/raspberry_bush[stage=1,lifecycle=flowering]",
            "Z": "tfc:plant/raspberry_bush_cane[stage=0,lifecycle=flowering,facing=south]",
            "A": "tfc:plant/raspberry_bush[stage=2,lifecycle=flowering]"
          }
        },
        {
          "pattern": [
            [
              "X "
            ],
            [
              "YZ"
            ],
            [
              "AZ"
            ],
            [
              "0 "
            ]
          ],
          "mapping": {
            "X": "tfc:plant/raspberry_bush[stage=0,lifecycle=fruiting]",
            "Y": "tfc:plant/raspberry_bush[stage=1,lifecycle=fruiting]",
            "Z": "tfc:plant/raspberry_bush_cane[stage=0,lifecycle=fruiting,facing=south]",
            "A": "tfc:plant/raspberry_bush[stage=2,lifecycle=fruiting]"
          }
        }
      ]
    },
    {
      "type": "patchouli:text",
      "anchor": "blueberry",
      "text": "$(bold)$(l:the_world/climate#temperature)Температура$(): 7 - 29 °C$(br)$(bold)$(l:mechanics/hydration)Осадки$(): 12 - 100мм$(br2)Черничные кусты растут с февраля по май, начинают цветение в июне и июле, и приносят плоды в августе.$(br2)Их можно найти в местах с небольшим количеством деревьев.",
      "title": "Черничный куст"
    },
    {
      "type": "tfc:multimultiblock",
      "text": "Пример черничного куста.",
      "multiblocks": [
        {
          "pattern": [
            [
              "X "
            ],
            [
              "YZ"
            ],
            [
              "AZ"
            ],
            [
              "0 "
            ]
          ],
          "mapping": {
            "X": "tfc:plant/blueberry_bush[stage=0,lifecycle=dormant]",
            "Y": "tfc:plant/blueberry_bush[stage=1,lifecycle=dormant]",
            "Z": "tfc:plant/blueberry_bush_cane[stage=0,lifecycle=dormant,facing=south]",
            "A": "tfc:plant/blueberry_bush[stage=2,lifecycle=dormant]"
          }
        },
        {
          "pattern": [
            [
              "X "
            ],
            [
              "YZ"
            ],
            [
              "AZ"
            ],
            [
              "0 "
            ]
          ],
          "mapping": {
            "X": "tfc:plant/blueberry_bush[stage=0,lifecycle=healthy]",
            "Y": "tfc:plant/blueberry_bush[stage=1,lifecycle=healthy]",
            "Z": "tfc:plant/blueberry_bush_cane[stage=0,lifecycle=healthy,facing=south]",
            "A": "tfc:plant/blueberry_bush[stage=2,lifecycle=healthy]"
          }
        },
        {
          "pattern": [
            [
              "X "
            ],
            [
              "YZ"
            ],
            [
              "AZ"
            ],
            [
              "0 "
            ]
          ],
          "mapping": {
            "X": "tfc:plant/blueberry_bush[stage=0,lifecycle=flowering]",
            "Y": "tfc:plant/blueberry_bush[stage=1,lifecycle=flowering]",
            "Z": "tfc:plant/blueberry_bush_cane[stage=0,lifecycle=flowering,facing=south]",
            "A": "tfc:plant/blueberry_bush[stage=2,lifecycle=flowering]"
          }
        },
        {
          "pattern": [
            [
              "X "
            ],
            [
              "YZ"
            ],
            [
              "AZ"
            ],
            [
              "0 "
            ]
          ],
          "mapping": {
            "X": "tfc:plant/blueberry_bush[stage=0,lifecycle=fruiting]",
            "Y": "tfc:plant/blueberry_bush[stage=1,lifecycle=fruiting]",
            "Z": "tfc:plant/blueberry_bush_cane[stage=0,lifecycle=fruiting,facing=south]",
            "A": "tfc:plant/blueberry_bush[stage=2,lifecycle=fruiting]"
          }
        }
      ]
    },
    {
      "type": "patchouli:text",
      "anchor": "elderberry",
      "text": "$(bold)$(l:the_world/climate#temperature)Температура$(): 10 - 33 °C$(br)$(bold)$(l:mechanics/hydration)Осадки$(): 12 - 100мм$(br2)Бузинные кусты растут с февраля по май, начинают цветение в июне и июле, и приносят плоды в августе.$(br2)Их можно найти в местах с небольшим количеством деревьев.",
      "title": "Бузинный куст"
    },
    {
      "type": "tfc:multimultiblock",
      "text": "Пример бузинного куста.",
      "multiblocks": [
        {
          "pattern": [
            [
              "X "
            ],
            [
              "YZ"
            ],
            [
              "AZ"
            ],
            [
              "0 "
            ]
          ],
          "mapping": {
            "X": "tfc:plant/elderberry_bush[stage=0,lifecycle=dormant]",
            "Y": "tfc:plant/elderberry_bush[stage=1,lifecycle=dormant]",
            "Z": "tfc:plant/elderberry_bush_cane[stage=0,lifecycle=dormant,facing=south]",
            "A": "tfc:plant/elderberry_bush[stage=2,lifecycle=dormant]"
          }
        },
        {
          "pattern": [
            [
              "X "
            ],
            [
              "YZ"
            ],
            [
              "AZ"
            ],
            [
              "0 "
            ]
          ],
          "mapping": {
            "X": "tfc:plant/elderberry_bush[stage=0,lifecycle=healthy]",
            "Y": "tfc:plant/elderberry_bush[stage=1,lifecycle=healthy]",
            "Z": "tfc:plant/elderberry_bush_cane[stage=0,lifecycle=healthy,facing=south]",
            "A": "tfc:plant/elderberry_bush[stage=2,lifecycle=healthy]"
          }
        },
        {
          "pattern": [
            [
              "X "
            ],
            [
              "YZ"
            ],
            [
              "AZ"
            ],
            [
              "0 "
            ]
          ],
          "mapping": {
            "X": "tfc:plant/elderberry_bush[stage=0,lifecycle=flowering]",
            "Y": "tfc:plant/elderberry_bush[stage=1,lifecycle=flowering]",
            "Z": "tfc:plant/elderberry_bush_cane[stage=0,lifecycle=flowering,facing=south]",
            "A": "tfc:plant/elderberry_bush[stage=2,lifecycle=flowering]"
          }
        },
        {
          "pattern": [
            [
              "X "
            ],
            [
              "YZ"
            ],
            [
              "AZ"
            ],
            [
              "0 "
            ]
          ],
          "mapping": {
            "X": "tfc:plant/elderberry_bush[stage=0,lifecycle=fruiting]",
            "Y": "tfc:plant/elderberry_bush[stage=1,lifecycle=fruiting]",
            "Z": "tfc:plant/elderberry_bush_cane[stage=0,lifecycle=fruiting,facing=south]",
            "A": "tfc:plant/elderberry_bush[stage=2,lifecycle=fruiting]"
          }
        }
      ]
    },
    {
      "type": "patchouli:text",
      "anchor": "small_bushes",
      "text": "$(thing)Низкие кусты$() - это вид низкорослых фруктовых блоков, которые встречаются в лесах. Низкие кусты иногда распространяются на соседние блоки, если поблизости нет слишком много других кустов.$(br2)Низкие кусты проходят через три размера, и когда они выросли, их собирают просто с помощью $(item)$(k:key.use)$().",
      "title": "Низкие кусты"
    },
    {
      "type": "tfc:multimultiblock",
      "text": "Три разных размера здорового низкого куста",
      "multiblocks": [
        {
          "pattern": [
            [
              "X"
            ],
            [
              "0"
            ]
          ],
          "mapping": {
            "X": "tfc:plant/bunchberry_bush[lifecycle=healthy,stage=0]"
          }
        },
        {
          "pattern": [
            [
              "X"
            ],
            [
              "0"
            ]
          ],
          "mapping": {
            "X": "tfc:plant/bunchberry_bush[lifecycle=healthy,stage=1]"
          }
        },
        {
          "pattern": [
            [
              "X"
            ],
            [
              "0"
            ]
          ],
          "mapping": {
            "X": "tfc:plant/bunchberry_bush[lifecycle=healthy,stage=2]"
          }
        }
      ]
    },
    {
      "type": "patchouli:text",
      "anchor": "bunchberry",
      "text": "$(bold)$(l:the_world/climate#temperature)Температура$(): 15 - 35 °C$(br)$(bold)$(l:mechanics/hydration)Увлажненность$(): 24 - 100 %$(br2)Кусты брусники растут с мая по июль, начинают цветение в августе и сентябре, и приносят плоды в октябре.$(br2)Их можно найти в лесах.",
      "title": "Куст брусники"
    },
    {
      "type": "tfc:multimultiblock",
      "text": "Стадии куста брусники по месяцам.",
      "multiblocks": [
        {
          "pattern": [
            [
              "X"
            ],
            [
              "0"
            ]
          ],
          "mapping": {
            "X": "tfc:plant/bunchberry_bush[lifecycle=dormant,stage=2]"
          }
        },
        {
          "pattern": [
            [
              "X"
            ],
            [
              "0"
            ]
          ],
          "mapping": {
            "X": "tfc:plant/bunchberry_bush[lifecycle=healthy,stage=2]"
          }
        },
        {
          "pattern": [
            [
              "X"
            ],
            [
              "0"
            ]
          ],
          "mapping": {
            "X": "tfc:plant/bunchberry_bush[lifecycle=flowering,stage=2]"
          }
        },
        {
          "pattern": [
            [
              "X"
            ],
            [
              "0"
            ]
          ],
          "mapping": {
            "X": "tfc:plant/bunchberry_bush[lifecycle=fruiting,stage=2]"
          }
        }
      ]
    },
    {
      "type": "patchouli:text",
      "anchor": "gooseberry",
      "text": "$(bold)$(l:the_world/climate#temperature)Температура$(): 5 - 27 °C$(br)$(bold)$(l:mechanics/hydration)Увлажненность$(): 24 - 100 %$(br2)Кусты крыжовника растут с апреля по июль, начинают цветение в августе и сентябре, и приносят плоды в октябре.$(br2)Их можно найти в лесах.",
      "title": "Куст крыжовника"
    },
    {
      "type": "tfc:multimultiblock",
      "text": "Стадии куста крыжовника по месяцам.",
      "multiblocks": [
        {
          "pattern": [
            [
              "X"
            ],
            [
              "0"
            ]
          ],
          "mapping": {
            "X": "tfc:plant/gooseberry_bush[lifecycle=dormant,stage=2]"
          }
        },
        {
          "pattern": [
            [
              "X"
            ],
            [
              "0"
            ]
          ],
          "mapping": {
            "X": "tfc:plant/gooseberry_bush[lifecycle=healthy,stage=2]"
          }
        },
        {
          "pattern": [
            [
              "X"
            ],
            [
              "0"
            ]
          ],
          "mapping": {
            "X": "tfc:plant/gooseberry_bush[lifecycle=flowering,stage=2]"
          }
        },
        {
          "pattern": [
            [
              "X"
            ],
            [
              "0"
            ]
          ],
          "mapping": {
            "X": "tfc:plant/gooseberry_bush[lifecycle=fruiting,stage=2]"
          }
        }
      ]
    },
    {
      "type": "patchouli:text",
      "anchor": "snowberry",
      "text": "$(bold)$(l:the_world/climate#temperature)Температура$(): -7 - 18 °C$(br)$(bold)$(l:mechanics/hydration)Увлажненность$(): 24 - 100 %$(br2)Кусты черники растут с марта по июнь, начинают цветение в июле и августе, и приносят плоды в сентябре.$(br2)Их можно найти в лесах.",
      "title": "Куст черники"
    },
    {
      "type": "tfc:multimultiblock",
      "text": "Стадии куста черники по месяцам.",
      "multiblocks": [
        {
          "pattern": [
            [
              "X"
            ],
            [
              "0"
            ]
          ],
          "mapping": {
            "X": "tfc:plant/snowberry_bush[lifecycle=dormant,stage=2]"
          }
        },
        {
          "pattern": [
            [
              "X"
            ],
            [
              "0"
            ]
          ],
          "mapping": {
            "X": "tfc:plant/snowberry_bush[lifecycle=healthy,stage=2]"
          }
        },
        {
          "pattern": [
            [
              "X"
            ],
            [
              "0"
            ]
          ],
          "mapping": {
            "X": "tfc:plant/snowberry_bush[lifecycle=flowering,stage=2]"
          }
        },
        {
          "pattern": [
            [
              "X"
            ],
            [
              "0"
            ]
          ],
          "mapping": {
            "X": "tfc:plant/snowberry_bush[lifecycle=fruiting,stage=2]"
          }
        }
      ]
    },
    {
      "type": "patchouli:text",
      "anchor": "cloudberry",
      "text": "$(bold)$(l:the_world/climate#temperature)Температура$(): -2 - 17 °C$(br)$(bold)$(l:mechanics/hydration)Увлажненность$(): 9 - 100 %$(br2)Кусты морошки растут с февраля по маю, начинают цветение в июне и августе, и приносят плоды в сентябре.$(br2)Их можно найти в лесах.",
      "title": "Куст морошки"
    },
    {
      "type": "tfc:multimultiblock",
      "text": "Стадии куста морошки по месяцам.",
      "multiblocks": [
        {
          "pattern": [
            [
              "X"
            ],
            [
              "0"
            ]
          ],
          "mapping": {
            "X": "tfc:plant/cloudberry_bush[lifecycle=dormant,stage=2]"
          }
        },
        {
          "pattern": [
            [
              "X"
            ],
            [
              "0"
            ]
          ],
          "mapping": {
            "X": "tfc:plant/cloudberry_bush[lifecycle=healthy,stage=2]"
          }
        },
        {
          "pattern": [
            [
              "X"
            ],
            [
              "0"
            ]
          ],
          "mapping": {
            "X": "tfc:plant/cloudberry_bush[lifecycle=flowering,stage=2]"
          }
        },
        {
          "pattern": [
            [
              "X"
            ],
            [
              "0"
            ]
          ],
          "mapping": {
            "X": "tfc:plant/cloudberry_bush[lifecycle=fruiting,stage=2]"
          }
        }
      ]
    },
    {
      "type": "patchouli:text",
      "anchor": "strawberry",
      "text": "$(bold)$(l:the_world/climate#temperature)Температура$(): 5 - 28 °C$(br)$(bold)$(l:mechanics/hydration)Увлажненность$(): 12 - 100 %$(br2)Кусты клубники растут с октября по декабрь, начинают цветение в январе и феврале, и приносят плоды в марте.$(br2)Их можно найти в лесах.",
      "title": "Куст клубники"
    },
    {
      "type": "tfc:multimultiblock",
      "text": "Стадии куста клубники по месяцам.",
      "multiblocks": [
        {
          "pattern": [
            [
              "X"
            ],
            [
              "0"
            ]
          ],
          "mapping": {
            "X": "tfc:plant/strawberry_bush[lifecycle=dormant,stage=2]"
          }
        },
        {
          "pattern": [
            [
              "X"
            ],
            [
              "0"
            ]
          ],
          "mapping": {
            "X": "tfc:plant/strawberry_bush[lifecycle=healthy,stage=2]"
          }
        },
        {
          "pattern": [
            [
              "X"
            ],
            [
              "0"
            ]
          ],
          "mapping": {
            "X": "tfc:plant/strawberry_bush[lifecycle=flowering,stage=2]"
          }
        },
        {
          "pattern": [
            [
              "X"
            ],
            [
              "0"
            ]
          ],
          "mapping": {
            "X": "tfc:plant/strawberry_bush[lifecycle=fruiting,stage=2]"
          }
        }
      ]
    },
    {
      "type": "patchouli:text",
      "anchor": "wintergreen_berry",
      "text": "$(bold)$(l:the_world/climate#temperature)Температура$(): -6 - 17 °C$(br)$(bold)$(l:mechanics/hydration)Увлажненность$(): 12 - 100 %$(br2)Кусты черники зимнего сорта растут с мая по сентябрь, начинают цветение в октябре и ноябре, и приносят плоды в декабре.$(br2)Их можно найти в лесах.",
      "title": "Куст черники зимнего сорта"
    },
    {
      "type": "tfc:multimultiblock",
      "text": "Стадии куста черники зимнего сорта по месяцам.",
      "multiblocks": [
        {
          "pattern": [
            [
              "X"
            ],
            [
              "0"
            ]
          ],
          "mapping": {
            "X": "tfc:plant/wintergreen_berry_bush[lifecycle=dormant,stage=2]"
          }
        },
        {
          "pattern": [
            [
              "X"
            ],
            [
              "0"
            ]
          ],
          "mapping": {
            "X": "tfc:plant/wintergreen_berry_bush[lifecycle=healthy,stage=2]"
          }
        },
        {
          "pattern": [
            [
              "X"
            ],
            [
              "0"
            ]
          ],
          "mapping": {
            "X": "tfc:plant/wintergreen_berry_bush[lifecycle=flowering,stage=2]"
          }
        },
        {
          "pattern": [
            [
              "X"
            ],
            [
              "0"
            ]
          ],
          "mapping": {
            "X": "tfc:plant/wintergreen_berry_bush[lifecycle=fruiting,stage=2]"
          }
        }
      ]
    },
    {
      "type": "patchouli:text",
      "anchor": "cranberry",
      "text": "$(bold)$(l:the_world/climate#temperature)Температура$(): -5 - 17 °C$(br)$(bold)$(l:mechanics/hydration)Увлажненность$(): 30 - 100 %$(br2)Кусты клюквы растут с марта по июнь, начинают цветение в июле и августе, и приносят плоды в сентябре.$(br2)Их можно найти в лесах. В отличие от большинства низких кустов, клюквенные кусты выращиваются под водой.",
      "title": "Куст клюквы"
    },
    {
      "type": "tfc:multimultiblock",
      "text": "Стадии куста клюквы по месяцам.",
      "multiblocks": [
        {
          "pattern": [
            [
              "X"
            ],
            [
              "0"
            ]
          ],
          "mapping": {
            "X": "tfc:plant/cranberry_bush[lifecycle=dormant,stage=2,fluid=water]"
          }
        },
        {
          "pattern": [
            [
              "X"
            ],
            [
              "0"
            ]
          ],
          "mapping": {
            "X": "tfc:plant/cranberry_bush[lifecycle=healthy,stage=2,fluid=water]"
          }
        },
        {
          "pattern": [
            [
              "X"
            ],
            [
              "0"
            ]
          ],
          "mapping": {
            "X": "tfc:plant/cranberry_bush[lifecycle=flowering,stage=2,fluid=water]"
          }
        },
        {
          "pattern": [
            [
              "X"
            ],
            [
              "0"
            ]
          ],
          "mapping": {
            "X": "tfc:plant/cranberry_bush[lifecycle=fruiting,stage=2,fluid=water]"
          }
        }
      ]
    },
    {
      "type": "tfc:table",
      "strings": [
        {
          "text": ""
        },
        {
          "text": "Jan"
        },
        {
          "text": "Feb"
        },
        {
          "text": "Mar"
        },
        {
          "text": "Apr"
        },
        {
          "text": "May"
        },
        {
          "text": "Jun"
        },
        {
          "text": "Jul"
        },
        {
          "text": "Aug"
        },
        {
          "text": "Sep"
        },
        {
          "text": "Oct"
        },
        {
          "text": "Nov"
        },
        {
          "text": "Dec"
        },
        {
          "text": "Snowberry"
        },
        {
          "fill": "0xa8986a"
        },
        {
          "fill": "0xa8986a"
        },
        {
          "fill": "0x6ab553"
        },
        {
          "fill": "0x6ab553"
        },
        {
          "fill": "0x6ab553"
        },
        {
          "fill": "0x6ab553"
        },
        {
          "fill": "0xcca0db"
        },
        {
          "fill": "0xcca0db"
        },
        {
          "fill": "0xa217ff"
        },
        {
          "fill": "0xa8986a"
        },
        {
          "fill": "0xa8986a"
        },
        {
          "fill": "0xa8986a"
        },
        {
          "text": "Bunchberry"
        },
        {
          "fill": "0xa8986a"
        },
        {
          "fill": "0xa8986a"
        },
        {
          "fill": "0xa8986a"
        },
        {
          "fill": "0xa8986a"
        },
        {
          "fill": "0x6ab553"
        },
        {
          "fill": "0x6ab553"
        },
        {
          "fill": "0x6ab553"
        },
        {
          "fill": "0xcca0db"
        },
        {
          "fill": "0xcca0db"
        },
        {
          "fill": "0xa217ff"
        },
        {
          "fill": "0xa8986a"
        },
        {
          "fill": "0xa8986a"
        },
        {
          "text": "Gooseberry"
        },
        {
          "fill": "0xa8986a"
        },
        {
          "fill": "0xa8986a"
        },
        {
          "fill": "0xa8986a"
        },
        {
          "fill": "0x6ab553"
        },
        {
          "fill": "0x6ab553"
        },
        {
          "fill": "0x6ab553"
        },
        {
          "fill": "0x6ab553"
        },
        {
          "fill": "0xcca0db"
        },
        {
          "fill": "0xcca0db"
        },
        {
          "fill": "0xa217ff"
        },
        {
          "fill": "0xa8986a"
        },
        {
          "fill": "0xa8986a"
        },
        {
          "text": "Cloudberry"
        },
        {
          "fill": "0xa8986a"
        },
        {
          "fill": "0x6ab553"
        },
        {
          "fill": "0x6ab553"
        },
        {
          "fill": "0x6ab553"
        },
        {
          "fill": "0x6ab553"
        },
        {
          "fill": "0xcca0db"
        },
        {
          "fill": "0xcca0db"
        },
        {
          "fill": "0xcca0db"
        },
        {
          "fill": "0xa217ff"
        },
        {
          "fill": "0xa8986a"
        },
        {
          "fill": "0xa8986a"
        },
        {
          "fill": "0xa8986a"
        },
        {
          "text": "Strawberry"
        },
        {
          "fill": "0xcca0db"
        },
        {
          "fill": "0xcca0db"
        },
        {
          "fill": "0xa217ff"
        },
        {
          "fill": "0xa8986a"
        },
        {
          "fill": "0xa8986a"
        },
        {
          "fill": "0xa8986a"
        },
        {
          "fill": "0xa8986a"
        },
        {
          "fill": "0xa8986a"
        },
        {
          "fill": "0xa8986a"
        },
        {
          "fill": "0x6ab553"
        },
        {
          "fill": "0x6ab553"
        },
        {
          "fill": "0x6ab553"
        },
        {
          "text": "Wintergreen"
        },
        {
          "fill": "0xa8986a"
        },
        {
          "fill": "0xa8986a"
        },
        {
          "fill": "0xa8986a"
        },
        {
          "fill": "0x6ab553"
        },
        {
          "fill": "0x6ab553"
        },
        {
          "fill": "0x6ab553"
        },
        {
          "fill": "0x6ab553"
        },
        {
          "fill": "0x6ab553"
        },
        {
          "fill": "0xcca0db"
        },
        {
          "fill": "0xcca0db"
        },
        {
          "fill": "0xa217ff"
        },
        {
          "fill": "0xa8986a"
        },
        {
          "text": "Cranberry"
        },
        {
          "fill": "0xa8986a"
        },
        {
          "fill": "0xa8986a"
        },
        {
          "fill": "0x6ab553"
        },
        {
          "fill": "0x6ab553"
        },
        {
          "fill": "0x6ab553"
        },
        {
          "fill": "0x6ab553"
        },
        {
          "fill": "0xcca0db"
        },
        {
          "fill": "0xcca0db"
        },
        {
          "fill": "0xa217ff"
        },
        {
          "fill": "0xa8986a"
        },
        {
          "fill": "0xa8986a"
        },
        {
          "fill": "0xa8986a"
        }
      ],
      "text": "Календарь плодоношения ягодных кустов.",
      "title": "Ягодные кусты",
      "legend": [
        {
          "text": "Dormant",
          "color": "0xa8986a"
        },
        {
          "text": "Healthy",
          "color": "0x6ab553"
        },
        {
          "text": "Flowering",
          "color": "0xcca0db"
        },
        {
          "text": "Fruiting",
          "color": "0xa217ff"
        }
      ],
      "columns": 12,
      "first_column_width": 45,
      "column_width": 15,
      "row_height": 10,
      "left_buffer": 5,
      "top_buffer": 11,
      "draw_background": true
    },
    {
      "type": "patchouli:empty",
      "draw_filler": false
    }
  ],
  "read_by_default": true,
  "sortnum": 5,
  "extra_recipe_mappings": {
    "tfc:food/cherry": 6,
    "tfc:plant/cherry_sapling": 6,
    "tfc:food/green_apple": 8,
    "tfc:plant/green_apple_sapling": 8,
    "tfc:food/lemon": 10,
    "tfc:plant/lemon_sapling": 10,
    "tfc:food/olive": 12,
    "tfc:plant/olive_sapling": 12,
    "tfc:food/orange": 14,
    "tfc:plant/orange_sapling": 14,
    "tfc:food/peach": 16,
    "tfc:plant/peach_sapling": 16,
    "tfc:food/plum": 18,
    "tfc:plant/plum_sapling": 18,
    "tfc:food/red_apple": 20,
    "tfc:plant/red_apple_sapling": 20,
    "tfc:food/banana": 22,
    "tfc:plant/banana_sapling": 22,
    "tfc:food/blackberry": 30,
    "tfc:plant/blackberry_bush": 30,
    "tfc:food/raspberry": 32,
    "tfc:plant/raspberry_bush": 32,
    "tfc:food/blueberry": 34,
    "tfc:plant/blueberry_bush": 34,
    "tfc:food/elderberry": 36,
    "tfc:plant/elderberry_bush": 36,
    "tfc:food/bunchberry": 40,
    "tfc:plant/bunchberry_bush": 40,
    "tfc:food/gooseberry": 42,
    "tfc:plant/gooseberry_bush": 42,
    "tfc:food/snowberry": 44,
    "tfc:plant/snowberry_bush": 44,
    "tfc:food/cloudberry": 46,
    "tfc:plant/cloudberry_bush": 46,
    "tfc:food/strawberry": 48,
    "tfc:plant/strawberry_bush": 48,
    "tfc:food/wintergreen_berry": 50,
    "tfc:plant/wintergreen_berry_bush": 50,
    "tfc:food/cranberry": 52,
    "tfc:plant/cranberry_bush": 52
  }
}