{
  "__comment__": "This file was automatically created by mcresources",
  "name": "Руды, Металл и литьё",
  "category": "tfc:getting_started",
  "icon": "tfc:ore/normal_native_copper",
  "pages": [
    {
      "type": "patchouli:text",
      "text": "Помимо палок, веток и камней на земле, в своих путешествиях вы можете столкнуться с маленькими кусочками руды, разбросанными по земле. Они важны, так как являются одним из единственных источников руды и металла до получения кирки."
    },
    {
      "type": "patchouli:multiblock",
      "multiblock": {
        "pattern": [
          [
            "    ",
            "  0 ",
            "    "
          ],
          [
            "ABCD",
            "EFGH",
            "IJKL"
          ],
          [
            "XXXX",
            "XXXX",
            "XXXX"
          ]
        ],
        "mapping": {
          "X": "tfc:grass/loam",
          "A": "tfc:ore/small_native_copper",
          "B": "tfc:ore/small_native_gold",
          "C": "tfc:ore/small_hematite",
          "D": "tfc:ore/small_native_silver",
          "E": "tfc:ore/small_cassiterite",
          "F": "tfc:ore/small_bismuthinite",
          "G": "tfc:ore/small_garnierite",
          "H": "tfc:ore/small_malachite",
          "I": "tfc:ore/small_magnetite",
          "J": "tfc:ore/small_limonite",
          "K": "tfc:ore/small_sphalerite",
          "L": "tfc:ore/small_tetrahedrite"
        }
      },
      "name": "",
      "text": "Все маленькие кусочки руды",
      "enable_visualize": false
    },
    {
      "type": "patchouli:text",
      "text": "Эти маленькие кусочки руды могут служить двум целям: они могут обеспечить источник металла и, что более важно, указывают на наличие большой жилы руды где-то поблизости, вероятно, под землёй и близко к поверхности. Обязательно запомните, где вы находите маленькие руды, так как местоположение рудных жил будет полезно позже во время $(l:mechanics/prospecting)Разведки$().$(br2)Двенадцать типов маленьких руд и металл, который из них можно расплавить, перечислены на следующей странице."
    },
    {
      "type": "patchouli:text",
      "text": "$(li)Самородная медь ($(thing)медь$())$(li)Самородное золото ($(thing)Золото$())$(li)Гематит ($(thing)Чугун$())$(li)Самородное серебро ($(thing)Серебро$())$(li)Касситерит ($(thing)Олово$())$(li)Висмутин ($(thing)Висмут$())$(li)Гарниерит ($(thing)Никель$())$(li)Малахит ($(thing)Медь$())$(li)Магнетит ($(thing)Чугун$())$(li)Лимонит ($(thing)Чугун$())$(li)Сфалерит ($(thing)Цинк$())$(li)Тетраэдрит ($(thing)Медь$())",
      "title": "Маленькие руды"
    },
    {
      "type": "patchouli:text",
      "anchor": "casting",
      "text": "В TerraFirmaCraft руды содержат определённое количество $(thing)единиц$(), или $(thing)мБ (миллибакетов)$() фактического металла, который можно извлечь. Такие маленькие руды, найденные на поверхности, являются рудами самого низкого качества и обеспечивают только $(thing)10 мБ$() металла. Чтобы извлечь этот металл, его нужно $(thing)расплавить$(), и изготовить из него инструменты с помощью процесса, называемого $(thing)литьём$().",
      "title": "Литьё"
    },
    {
      "type": "patchouli:text",
      "text": "Вам понадобится: $(br)$(li)$(l:getting_started/pottery#vessel)Маленький сосуд$()$(li)Достаточно материалов для $(l:getting_started/pit_kiln)Земляной печи$().$(li)Одна или несколько $(l:getting_started/pottery#mold)Форм(ы)$() для заливки расплавленного металла.$(li)И, наконец, как минимум 100 мБ металла, подходящего для литья: $(thing)медь$(), в одной или нескольких её рудных формах.$(br2)$(br)$(italic)Примечание: Литьё также можно проводить с некоторыми $(l:getting_started/primitive_alloys)Сплавами$()"
    },
    {
      "type": "patchouli:text",
      "text": "Сначала откройте $(thing)Маленький сосуд$() и поместите в него руды. Тщательно подсчитайте общее количество металла в рудах! Затем вам нужно построить $(l:getting_started/pit_kiln)Земляную печь$() с заполненным маленьким сосудом внутри. По мере нагрева сосуда руды внутри него расплавятся, и у вас останется сосуд с расплавленным металлом.$(br2)Выньте сосуд и $(item)$(k:key.use)$() его, чтобы открыть $(thing)Интерфейс литья$()."
    },
    {
      "type": "patchouli:image",
      "images": [
        "tfc:textures/gui/book/gui/casting.png"
      ],
      "text": "Интерфейс литья.",
      "border": false
    },
    {
      "type": "patchouli:text",
      "text": "С открытым интерфейсом литья поместите вашу пустую обожжённую форму в центральный слот. Она будет заполняться, пока сосуд остаётся жидким. (Если сосуд затвердеет, его можно перегреть в другой земляной печи.) Как только форма заполнится, её можно извлечь и оставить остывать. После остывания форму и её содержимое можно извлечь, используя форму или поместив её в сетку крафта."
    },
    {
      "type": "patchouli:crafting",
      "recipe": "tfc:crafting/metal/pickaxe/copper",
      "text": "С головкой инструмента в руке вы теперь можете сделать свою первую кирку! Найдите достаточно меди для изготовления головки кирки, обожгите форму для кирки и расплавьте руду в земляной печи, затем отлейте головку. Прикрепите её к палке, и вуаля!"
    }
  ],
  "read_by_default": true,
  "sortnum": 4
}