{
  "__comment__": "This file was automatically created by mcresources",
  "name": "Ямы с огнём",
  "category": "tfc:getting_started",
  "icon": "tfc:firepit",
  "pages": [
    {
      "type": "patchouli:text",
      "anchor": "firestarter",
      "text": "$(thing)Огонь$() - важное технологическое достижение. Чтобы создать огонь, вам понадобится $(thing)Разжигатель$(). Для использования просто удерживайте $(item)$(k:key.use)$() на земле. Через несколько моментов появится дым, а затем огонь. Может потребоваться несколько попыток для успешного зажигания."
    },
    {
      "type": "patchouli:crafting",
      "recipe": "tfc:crafting/firestarter",
      "text": "Создать разжигатель можно из двух палок."
    },
    {
      "type": "patchouli:text",
      "text": "С разжигателем теперь можно сделать $(thing)Кострище$(). Чтобы сделать его, вам понадобится одно $(thing)бревно$(), три $(thing)палки$(), и по желанию до пяти кусков $(thing)трут$(). Трутом могут быть предметы, такие как бумажные изделия, солома или шишки, и они увеличивают шанс успешного создания кострища на 10 процентов за каждый использованный предмет. Бросьте ($(item)$(k:key.drop)$()) все предметы на землю, на один и тот же блок. Затем используйте разжигатель на блоке с предметами, парящими над ним.",
      "title": "Кострище"
    },
    {
      "type": "patchouli:multiblock",
      "multiblock": {
        "pattern": [
          [
            "X"
          ],
          [
            "0"
          ]
        ],
        "mapping": {
          "X": "tfc:firepit[lit=true]"
        }
      },
      "name": "",
      "text": "Если у вас получилось, кострище будет создано.",
      "enable_visualize": false
    },
    {
      "type": "patchouli:text",
      "text": "Использование кострища теперь откроет экран кострища. Слева четыре $(thing)слота для топлива$(). Бревна, Торф и связки палок могут быть использованы в качестве топлива для кострища, помещая их в верхний слот. Топливо будет потребляться из нижнего слота. Есть шкала, которая показывает текущую $(thing)температуру$() кострища, и справа слот для предметов, которые нужно $(l:mechanics/heating)нагревать$()."
    },
    {
      "type": "patchouli:image",
      "images": [
        "tfc:textures/gui/book/gui/firepit.png"
      ],
      "text": "Экран кострища",
      "border": false
    },
    {
      "type": "tfc:heat_recipe",
      "recipe": "tfc:heating/torch_from_stick",
      "text": "Множество полезных предметов можно сделать в кострище, нагревая их. Палки можно нагревать, при этом они дадут два $(thing)Факела$(). Обратите внимание, что факелы в конечном итоге потухнут и их нужно будет зажечь снова, используя $(thing)Разжигатель$(), или используя другой $(thing)Факел$() на них."
    },
    {
      "type": "tfc:heat_recipe",
      "recipe": "tfc:heating/cod",
      "text": "Кострище также хорошо подходит для $(thing)приготовления пищи$(). Все сырые мяса и тесто можно готовить в кострище, что увеличит их срок годности. (Подробнее об этом $(l:mechanics/decay)здесь$())"
    },
    {
      "type": "patchouli:text",
      "text": "Кострище можно потушить в любое время, используя $(thing)Лопату$() на нём.$(br2)К кострищу также можно добавить другие устройства, чтобы расширить его функциональность. Использование $(thing)Жаровни из кованого железа$() превратит кострище в $(l:mechanics/grill)Гриль$(), а использование $(thing)Керамического горшка$() превратит кострище в $(l:mechanics/pot)Горшок$(). Чтобы удалить любое устройство, $(item)$(k:key.use)$() при удержании $(item)$(k:key.sneak)$(). Будьте осторожны, чтобы не пытаться удалить горячий гриль или горшок!"
    },
    {
      "type": "tfc:multimultiblock",
      "text": "Кострище, с добавленным грилем или горшком.",
      "multiblocks": [
        {
          "pattern": [
            [
              "X"
            ],
            [
              "0"
            ]
          ],
          "mapping": {
            "X": "tfc:firepit"
          }
        },
        {
          "pattern": [
            [
              "X"
            ],
            [
              "0"
            ]
          ],
          "mapping": {
            "X": "tfc:grill"
          }
        },
        {
          "pattern": [
            [
              "X"
            ],
            [
              "0"
            ]
          ],
          "mapping": {
            "X": "tfc:pot"
          }
        }
      ]
    },
    {
      "type": "patchouli:text",
      "text": "Топливо для кострища имеет разные уровни чистоты. Добавление нечистого топлива в огонь делает его более дымным. Если огонь горит очень нечисто, дым начнет подниматься очень высоко в воздух. Самыми чистыми топливами являются бревна, при этом сосна является наименее чистым бревном. Топлива, такие как шишки и опавшие листья, не горят достаточно горячо, чтобы много готовить, и являются очень нечистыми."
    }
  ],
  "read_by_default": true,
  "sortnum": 1,
  "extra_recipe_mappings": {
    "tfc:firepit": 0,
    "tfc:torch": 6,
    "minecraft:torch": 6
  }
}