{
  "__comment__": "This file was automatically created by mcresources",
  "name": "Еда и вода",
  "category": "tfc:getting_started",
  "icon": "tfc:textures/item/food/orange.png",
  "pages": [
    {
      "type": "patchouli:text",
      "text": "В TerraFirmaCraft необходимо управлять не только голодом, но и жаждой. Голод работает аналогично ванильной версии. Большинство кусков еды восстанавливают около пятой части вашей шкалы голода. Некоторые куски еды могут восстанавливать немного меньше, например $(thing)Корни рогоза$(). Прием пищи также восстанавливает $(thing)Насыщение$(), которое можно рассматривать как ваше чувство сытости."
    },
    {
      "type": "patchouli:text",
      "text": "Некоторые продукты очень сытные, поэтому они предотвращают потерю голода на более длительное время, в то время как некоторые продукты имеют кратковременный эффект.$(br2)Вы будете терять голод просто от обычной игры. Голод уменьшается быстрее, если вы делаете такие вещи, как бег, плавание или становитесь $(l:getting_started/size_and_weight#overburdening)Перегруженным$(). Информация о $(thing)Насыщении$(), $(thing)Воде$(), а также $(thing)Питательных веществах$(), доступных из еды, доступна при наведении на нее в вашем инвентаре. Использование $(item)$(k:key.sneak)$() показывает полную всплывающую подсказку."
    },
    {
      "type": "patchouli:text",
      "text": "На всплывающей подсказке всех продуктов есть эта информация. Всплывающая подсказка включает $(l:mechanics/decay)дата порчи$() еды, которую можно продлить с помощью консервации. При просмотре этой информации важно понимать, что не все продукты имеют питательную ценность. Например, $(l:mechanics/bread)Тесто$() является продуктом питания, но не имеет питательных веществ, Насыщения или воды. Его употребление не принесет большой пользы."
    },
    {
      "type": "patchouli:text",
      "text": "Всплывающая подсказка продукта может выглядеть так: $(br2)$(bold)Апельсин$()$(br)  $(2)$(bold)Истекает: 11: 59 6 июля 1004 (через 1 месяц(ев) и 1 день(ей))$()$(br)  $(8)Питательные вещества: $(br)  - Насыщение: 2%$(br)  - Вода: 10%$(br)$(a)  - Фрукты: 0.5"
    },
    {
      "type": "patchouli:image",
      "images": [
        "tfc:textures/gui/book/gui/nutrition.png"
      ],
      "text": "Экран питательных веществ, с полосами, показывающими уровни каждого питательного вещества.",
      "border": false
    },
    {
      "type": "patchouli:text",
      "anchor": "nutrients",
      "text": "Существует пять питательных веществ, все они получаются из пищи: $(l)$(a)Фрукты$()$(), $(l)$(2)Овощи$()$(), $(l)$(c)Белки$()$(), $(l)$(6)Зерновые$()$(), и $(l)$(5)Молочные продукты$()$(). Наличие большого количества всех питательных веществ увеличивает ваш максимальный уровень здоровья, в то время как плохое питание уменьшает его. Прием пищи дает вам ее питательные вещества. Блюда, такие как $(l:mechanics/pot#soup)Суп$(), сочетают в себе больше питательных веществ в одном приеме пищи. Это важно, потому что блюда, съеденные некоторое время назад, не учитываются в вашем питании.",
      "title": "Питательные вещества"
    },
    {
      "type": "patchouli:text",
      "text": "$(l)$(a)Фрукты$()$(): Питательные вещества фруктов в основном находятся в $(l:the_world/wild_fruits)плодоносящих растениях$(), таких как кусты ягод и фруктовые деревья. Заметным исключением из этого являются $(l:mechanics/crops#pumpkin)тыквы$() и $(l:mechanics/crops#pumpkin)арбузы$(), которые питательно являются фруктами.$(br2)$(l)$(2)Овощи$()$(): Находятся почти в каждом $(l:mechanics/crops)урожае$().$(br2)$(l)$(c)Белки$()$(): Белки можно получить из мяса $(l:the_world/wild_animals)животных$(). Также их можно получить из $(l:mechanics/crops#soybean)соевых бобов$(), которые содержат белки и овощные питательные вещества."
    },
    {
      "type": "patchouli:text",
      "text": "$(l)$(6)Зерновые$()$(): Зерновые находятся в зерновых культурах, таких как $(l:mechanics/crops#barley)Ячмень$(). Обработка зерновых описана на странице $(l:mechanics/bread)Хлеб$(). $(thing)Рогоз$() и $(thing)Таро$() также являются зерновыми.$(br2)$(l)$(5)Молочные продукты$()$(): Все молочные продукты поступают из $(thing)Молока$(), которое дается $(l:mechanics/animal_husbandry#dairy_animals)Молочными животными$(). Обработка и употребление молока описаны на странице $(l:mechanics/dairy)Молочные продукты$().$(br2)Все продукты питания в мире бесполезны, если они портятся. Смотрите страницу $(l:mechanics/decay)Консервация$() для информации о предотвращении этого."
    },
    {
      "type": "patchouli:text",
      "anchor": "thirst",
      "text": "Жажда - это уровень воды в вашем организме. Она уменьшается с аналогичной скоростью, что и голод. При высоких температурах или высоком потреблении голода ваша жажда уменьшается быстрее. К счастью, питье $(thing)Пресной воды$() восполняет жажду. Это можно сделать, щелкнув $(item)$(k:key.use)$() по блоку воды. Питье соленой воды заставляет вас терять жажду и даже может дать вам эффект $(thing)Жажда$(), который будет еще больше истощать вас.",
      "title": "Жажда"
    },
    {
      "type": "patchouli:multiblock",
      "multiblock": {
        "pattern": [
          [
            "X"
          ],
          [
            "Y"
          ],
          [
            "0"
          ]
        ],
        "mapping": {
          "X": "minecraft:air",
          "Y": "tfc:plant/cattail[part=lower,fluid=water]"
        }
      },
      "name": "Безопасность воды",
      "text": "Чтобы избежать соленой воды, ищите реки, озера и пресноводные растения, такие как $(thing)Рогоз$().",
      "enable_visualize": false
    },
    {
      "type": "tfc:knapping_recipe",
      "recipe": "tfc:clay_knapping/jug",
      "text": "$(l:getting_started/pottery)Лепка$() и обжиг $(l:getting_started/pottery#jug)кувшина$() - способ носить воду с собой. Наполняйте его как ведро, используя $(item)$(k:key.use)$(). Держите $(item)$(k:key.use)$(), чтобы пить воду."
    },
    {
      "type": "patchouli:text",
      "text": "Полное истощение запасов еды или воды приводит к замедлению движения и добычи ресурсов, а также к началу получения урона. Если вы умрете, ваше питание сбросится."
    }
  ],
  "read_by_default": true,
  "sortnum": 10
}