{
  "__comment__": "This file was automatically created by mcresources",
  "name": "Введение",
  "category": "tfc:getting_started",
  "icon": "tfc:rock/loose/granite",
  "pages": [
    {
      "type": "patchouli:text",
      "text": "В TerraFirmaCraft первые предметы, которые вы можете получить - это палки, ветки и рассыпанные камни. Их можно найти почти в любом климате, разбросанные по земле. $(item)$(k:key.use)$() или разбейте их, чтобы подобрать."
    },
    {
      "type": "patchouli:multiblock",
      "multiblock": {
        "pattern": [
          [
            "1    ",
            " 2  4",
            "  03 ",
            " 4   ",
            "    5"
          ],
          [
            "GGGGG",
            "GGGGG",
            "GGGGG",
            "GGGGG",
            "GGGGG"
          ]
        ],
        "mapping": {
          "G": "tfc:grass/sandy_loam",
          "1": "tfc:rock/loose/granite[count=1]",
          "2": "tfc:rock/loose/granite[count=2]",
          "3": "tfc:rock/loose/granite[count=3]",
          "4": "tfc:groundcover/stick",
          "5": "tfc:wood/twig/ash"
        }
      },
      "name": "Пример",
      "text": "Несколько обычных палок и камней.",
      "enable_visualize": false
    },
    {
      "type": "patchouli:text",
      "text": "Помимо сбора палок и веток на земле, палки также можно получить, разбивая листву кулаком. Как только у вас будет достаточно камней и палок, вы готовы начать $(thing)высекание$(). Высекание - это процесс, при котором два камня сталкиваются вместе, чтобы сформировать определённую форму. Чтобы начать высекание, сначала возьмите как минимум два камня в руку, затем щелкните правой кнопкой мыши в воздухе, что откроет $(thing)интерфейс высекания$()."
    },
    {
      "type": "patchouli:image",
      "images": [
        "tfc:textures/gui/book/gui/rock_knapping.png"
      ],
      "text": "Интерфейс высекания.",
      "border": false
    },
    {
      "type": "patchouli:text",
      "text": "Чтобы сделать определённый предмет, вы хотите убрать квадраты, пока не сформируете желаемый узор. Например, создайте лезвие ножа, соответствуя рецепту, показанному справа.$(br2)Как и в рецептах крафта, расположение желаемого узора не имеет значения для результата, и некоторые рецепты имеют несколько вариантов, которые действительны."
    },
    {
      "type": "tfc:rock_knapping_recipe",
      "anchor": "knife",
      "recipes": [
        "tfc:rock_knapping/knife_head_sedimentary",
        "tfc:rock_knapping/knife_head_metamorphic",
        "tfc:rock_knapping/knife_head_igneous_extrusive",
        "tfc:rock_knapping/knife_head_igneous_intrusive"
      ],
      "text": "Лезвие ножа, изготовленное из нескольких разных типов камней."
    },
    {
      "type": "patchouli:crafting",
      "recipe": "tfc:crafting/stone/knife_sedimentary",
      "text": "Все головки каменных инструментов можно собрать с палкой или веткой, чтобы собрать их в инструмент.$(br2)Каменный нож можно использовать для сбора $(thing)Соломы$(), разбивая растения."
    },
    {
      "type": "tfc:rock_knapping_recipe",
      "recipes": [
        "tfc:rock_knapping/axe_head_sedimentary",
        "tfc:rock_knapping/axe_head_metamorphic",
        "tfc:rock_knapping/axe_head_igneous_extrusive",
        "tfc:rock_knapping/axe_head_igneous_intrusive"
      ],
      "text": "$(thing)Топоры$() можно использовать для срубания целых деревьев, включая бревна и листву. Однако саженцы и палки можно получить только в случае индивидуального разбивания листвы."
    },
    {
      "type": "tfc:rock_knapping_recipe",
      "recipes": [
        "tfc:rock_knapping/shovel_head_sedimentary",
        "tfc:rock_knapping/shovel_head_metamorphic",
        "tfc:rock_knapping/shovel_head_igneous_extrusive",
        "tfc:rock_knapping/shovel_head_igneous_intrusive"
      ],
      "text": "$(thing)Лопаты$() можно использовать для копания блоков типа почвы. Их также можно использовать для создания $(thing)Троп$() путём $(item)использования$() их на $(thing)Земле$() или $(thing)Траве$()."
    },
    {
      "type": "tfc:rock_knapping_recipe",
      "recipes": [
        "tfc:rock_knapping/hoe_head_sedimentary",
        "tfc:rock_knapping/hoe_head_metamorphic",
        "tfc:rock_knapping/hoe_head_igneous_extrusive",
        "tfc:rock_knapping/hoe_head_igneous_intrusive"
      ],
      "text": "$(thing)Мотыги$() - полезные инструменты для $(l:mechanics/crops)Фермерства$(), но их также можно использовать для срезания листвы и другого растительного материала."
    },
    {
      "type": "tfc:rock_knapping_recipe",
      "recipes": [
        "tfc:rock_knapping/hammer_head_sedimentary",
        "tfc:rock_knapping/hammer_head_metamorphic",
        "tfc:rock_knapping/hammer_head_igneous_extrusive",
        "tfc:rock_knapping/hammer_head_igneous_intrusive"
      ],
      "text": "$(thing)Молоты$() можно использовать как $(l:mechanics/damage_types)Дробящее$() оружие, но они более важные инструменты, используемые для $(l:getting_started/primitive_anvils)Ковки$()."
    },
    {
      "type": "tfc:rock_knapping_recipe",
      "recipes": [
        "tfc:rock_knapping/javelin_head_sedimentary",
        "tfc:rock_knapping/javelin_head_metamorphic",
        "tfc:rock_knapping/javelin_head_igneous_extrusive",
        "tfc:rock_knapping/javelin_head_igneous_intrusive"
      ],
      "text": "Наконец, $(thing)Дротик$() можно использовать как примитивное оружие, способное бросаться в цели или использоваться как $(l:mechanics/damage_types)Пронзающее$() оружие."
    }
  ],
  "read_by_default": true,
  "sortnum": 0,
  "extra_recipe_mappings": {
    "tfc:stone/knife_head/sedimentary": 5,
    "tfc:stone/knife_head/metamorphic": 5,
    "tfc:stone/knife_head/igneous_extrusive": 5,
    "tfc:stone/knife_head/igneous_intrusive": 5,
    "tfc:stone/knife/sedimentary": 5,
    "tfc:stone/knife/metamorphic": 5,
    "tfc:stone/knife/igneous_extrusive": 5,
    "tfc:stone/knife/igneous_intrusive": 5,
    "tfc:stone/axe_head/sedimentary": 7,
    "tfc:stone/axe_head/metamorphic": 7,
    "tfc:stone/axe_head/igneous_extrusive": 7,
    "tfc:stone/axe_head/igneous_intrusive": 7,
    "tfc:stone/axe/sedimentary": 7,
    "tfc:stone/axe/metamorphic": 7,
    "tfc:stone/axe/igneous_extrusive": 7,
    "tfc:stone/axe/igneous_intrusive": 7,
    "tfc:stone/shovel_head/sedimentary": 8,
    "tfc:stone/shovel_head/metamorphic": 8,
    "tfc:stone/shovel_head/igneous_extrusive": 8,
    "tfc:stone/shovel_head/igneous_intrusive": 8,
    "tfc:stone/shovel/sedimentary": 8,
    "tfc:stone/shovel/metamorphic": 8,
    "tfc:stone/shovel/igneous_extrusive": 8,
    "tfc:stone/shovel/igneous_intrusive": 8,
    "tfc:stone/hoe_head/sedimentary": 9,
    "tfc:stone/hoe_head/metamorphic": 9,
    "tfc:stone/hoe_head/igneous_extrusive": 9,
    "tfc:stone/hoe_head/igneous_intrusive": 9,
    "tfc:stone/hoe/sedimentary": 9,
    "tfc:stone/hoe/metamorphic": 9,
    "tfc:stone/hoe/igneous_extrusive": 9,
    "tfc:stone/hoe/igneous_intrusive": 9,
    "tfc:stone/hammer_head/sedimentary": 10,
    "tfc:stone/hammer_head/metamorphic": 10,
    "tfc:stone/hammer_head/igneous_extrusive": 10,
    "tfc:stone/hammer_head/igneous_intrusive": 10,
    "tfc:stone/hammer/sedimentary": 10,
    "tfc:stone/hammer/metamorphic": 10,
    "tfc:stone/hammer/igneous_extrusive": 10,
    "tfc:stone/hammer/igneous_intrusive": 10,
    "tfc:stone/javelin_head/sedimentary": 11,
    "tfc:stone/javelin_head/metamorphic": 11,
    "tfc:stone/javelin_head/igneous_extrusive": 11,
    "tfc:stone/javelin_head/igneous_intrusive": 11,
    "tfc:stone/javelin/sedimentary": 11,
    "tfc:stone/javelin/metamorphic": 11,
    "tfc:stone/javelin/igneous_extrusive": 11,
    "tfc:stone/javelin/igneous_intrusive": 11
  }
}