{
  "__comment__": "This file was automatically created by mcresources",
  "name": "Размер и вес",
  "category": "tfc:getting_started",
  "icon": "tfc:textures/gui/book/icons/size_and_weight.png",
  "pages": [
    {
      "type": "patchouli:text",
      "text": "У каждого предмета есть $(thing)Размер ⇲$() и $(thing)Вес ⚖$(). Размер и вес предмета отображаются в $(thing)всплывающей подсказке$(), которая появляется, когда вы наводите на него курсор мыши."
    },
    {
      "type": "patchouli:text",
      "text": "Размер определяет, в какие блоки хранения может поместиться предмет.$(br)$(li)$(thing)Маленькие$() предметы помещаются во все.$(li)$(thing)Очень маленькие$() предметы помещаются во все.$(li)$(thing)Малые$() предметы - самые крупные, которые поместятся в $(l:mechanics/decay#small_vessels)Маленькие сосуды$()$().$(li)$(thing)Нормальные$() предметы - самые крупные, которые поместятся в $(l:mechanics/decay#small_vessels)Большие сосуды$().",
      "title": "Размер ⇲"
    },
    {
      "type": "patchouli:text",
      "text": "$(li)$(thing)Большие$() предметы - самые крупные, которые поместятся в сундуки. $(l:getting_started/pit_kiln)Земляные печи$() могут вместить четыре.$(li)$(thing)Очень большие$() предметы размещаются поодиночке в земляных печах.$(li)$(thing)Огромные$() предметы не помещаются в обычные устройства хранения. Они также учитываются при перегрузке."
    },
    {
      "type": "patchouli:text",
      "text": "Вес определяет максимальный размер стопки предметов.$(br)$(li)$(thing)Очень легкие$(): 64$(li)$(thing)Легкие$(): 32$(li)$(thing)Средние$(): 16$(li)$(thing)Тяжелые$(): 4$(li)$(thing)Очень тяжелые$(): 1$(br2)Большинство предметов по умолчанию $(thing)Очень легкие$(). Блоки обычно $(thing)Средние$().",
      "title": "Вес ⚖"
    },
    {
      "type": "patchouli:text",
      "text": "$(thing)Перегрузка$() происходит, когда вы несете предметы, которые одновременно $(thing)Огромные$() и $(thing)Очень тяжелые$(). Ношение всего одного $(thing)Огромного, Очень тяжелого$() предмета заставляет вас быстро уставать, заставляя вашу еду быстрее сгорать. Ношение двух или более дает вам эффект $(thing)Перегруженности$(), который сильно замедляет движение."
    },
    {
      "type": "patchouli:text",
      "anchor": "overburdening",
      "text": "Предметы, учитываемые при перегрузке, включают $(thing)Наковальни$(), $(thing)Запечатанные бочки$(), $(thing)Тигли$() (с содержимым)$(br2)Примечание: $(l:mechanics/animal_husbandry#horses)Лошади$() также могут быть перегружены.",
      "title": "Перегрузка"
    }
  ],
  "read_by_default": true,
  "sortnum": 9
}