{
    "demoTool": [
        "tconstruct:broadsword",
        "tconstruct:cleaver",
        "tconstruct:hammer",
        "tconstruct:arrow",
        "tconstruct:longsword",
        "tconstruct:shortbow",
        "tconstruct:frypan",
        "tconstruct:crossbow",
        "tconstruct:scythe",
        "tconstruct:shuriken"
    ],
    "effects": [
        "Поджигает врагов на 10 секунд",
        "Наносит дополнительный урон огненным пламенем дракона",
        "Имеет только один уровень"
    ],
    "modifier": "flame",
    "text": [
        {
            "text": "Покрытие из крови огненного Дракона наделяет инструмент способностью поджигать врагов."
        },
        {
            "text": "\n"
        },
        {
            "text": "Нельзя применять к инструментам из драконостали. Несовместимо с модификатором метели."
        },
        {
            "text": "\n"
        }
    ]
}