{
    "demoTool": [
        "tconstruct:broadsword",
        "tconstruct:cleaver",
        "tconstruct:hammer",
        "tconstruct:arrow",
        "tconstruct:longsword",
        "tconstruct:shortbow",
        "tconstruct:frypan",
        "tconstruct:crossbow",
        "tconstruct:scythe",
        "tconstruct:shuriken"
    ],
    "effects": [
        "Замораживает врагов в блоке льда на 10 секунд",
        "Наносит дополнительный урон ледяным пламенем дракона",
        "Накладывает эффект замедления",
        "Имеет только один уровень"
    ],
    "modifier": "frost",
    "text": [
        {
            "text": "Покрытие из крови ледяного Дракона наделяет инструмент способностью заточать врагов в блок льда."
        },
        {
            "text": "\n"
        },
        {
            "text": "Нельзя применять к инструментам из драконостали. Несовместимо с модификатором пламени."
        },
        {
            "text": "\n"
        }
    ]
}